mod,activity_utc,activity_date,activity_hour
wub_wub,1597391540,2020-08-14,07
wub_wub,1597340302,2020-08-13,17
wub_wub,1597334890,2020-08-13,16
wub_wub,1597334564,2020-08-13,16
wub_wub,1597296020,2020-08-13,05
wub_wub,1597136298,2020-08-11,08
wub_wub,1597135900,2020-08-11,08
wub_wub,1597125155,2020-08-11,05
wub_wub,1596745050,2020-08-06,20
wub_wub,1596738417,2020-08-06,18
wub_wub,1596735629,2020-08-06,17
wub_wub,1596693203,2020-08-06,05
wub_wub,1596607767,2020-08-05,06
wub_wub,1596093184,2020-07-30,07
wub_wub,1595571434,2020-07-24,06
wub_wub,1595517253,2020-07-23,15
wub_wub,1595488761,2020-07-23,07
wub_wub,1595485686,2020-07-23,06
wub_wub,1595483840,2020-07-23,05
wub_wub,1594763856,2020-07-14,21
wub_wub,1593981763,2020-07-05,20
wub_wub,1593968125,2020-07-05,16
wub_wub,1593937093,2020-07-05,08
wub_wub,1593936383,2020-07-05,08
wub_wub,1593902225,2020-07-04,22
wub_wub,1593901159,2020-07-04,22
wub_wub,1593900180,2020-07-04,22
wub_wub,1593889574,2020-07-04,19
wub_wub,1593753584,2020-07-03,05
wub_wub,1593708499,2020-07-02,16
wub_wub,1593703959,2020-07-02,15
wub_wub,1593638077,2020-07-01,21
wub_wub,1593620572,2020-07-01,16
wub_wub,1593620264,2020-07-01,16
wub_wub,1593614237,2020-07-01,14
wub_wub,1593611792,2020-07-01,13
wub_wub,1593609136,2020-07-01,13
wub_wub,1593608953,2020-07-01,13
wub_wub,1593608495,2020-07-01,13
wub_wub,1593608339,2020-07-01,12
wub_wub,1593607558,2020-07-01,12
wub_wub,1593607240,2020-07-01,12
wub_wub,1593607157,2020-07-01,12
wub_wub,1593606832,2020-07-01,12
wub_wub,1593492646,2020-06-30,04
wub_wub,1592805643,2020-06-22,06
wub_wub,1592755489,2020-06-21,16
wub_wub,1592753758,2020-06-21,15
wub_wub,1592751316,2020-06-21,14
wub_wub,1592735006,2020-06-21,10
wub_wub,1592734302,2020-06-21,10
wub_wub,1592733207,2020-06-21,09
wub_wub,1592731528,2020-06-21,09
wub_wub,1592425896,2020-06-17,20
wub_wub,1592371238,2020-06-17,05
wub_wub,1592370131,2020-06-17,05
wub_wub,1592325757,2020-06-16,16
wub_wub,1592226021,2020-06-15,13
wub_wub,1592206954,2020-06-15,07
wub_wub,1592170115,2020-06-14,21
wub_wub,1592169561,2020-06-14,21
wub_wub,1592169518,2020-06-14,21
wub_wub,1592166437,2020-06-14,20
wub_wub,1592156060,2020-06-14,17
wub_wub,1592155590,2020-06-14,17
wub_wub,1592152803,2020-06-14,16
wub_wub,1591997920,2020-06-12,21
wub_wub,1591994133,2020-06-12,20
wub_wub,1591969612,2020-06-12,13
wub_wub,1591969539,2020-06-12,13
wub_wub,1591889110,2020-06-11,15
wub_wub,1591876078,2020-06-11,11
wub_wub,1591803188,2020-06-10,15
wub_wub,1591723833,2020-06-09,17
wub_wub,1591723432,2020-06-09,17
wub_wub,1591722950,2020-06-09,17
wub_wub,1591646489,2020-06-08,20
wub_wub,1591631141,2020-06-08,15
wub_wub,1591565846,2020-06-07,21
wub_wub,1591565592,2020-06-07,21
wub_wub,1591549335,2020-06-07,17
wub_wub,1591549203,2020-06-07,17
wub_wub,1591517427,2020-06-07,08
wub_wub,1591452356,2020-06-06,14
wub_wub,1591451958,2020-06-06,13
wub_wub,1591451166,2020-06-06,13
wub_wub,1591450577,2020-06-06,13
wub_wub,1591301180,2020-06-04,20
wub_wub,1591160524,2020-06-03,05
wub_wub,1591160447,2020-06-03,05
wub_wub,1591125453,2020-06-02,19
wub_wub,1591078528,2020-06-02,06
wub_wub,1591044545,2020-06-01,20
wub_wub,1590873548,2020-05-30,21
wub_wub,1590873420,2020-05-30,21
wub_wub,1590869073,2020-05-30,20
wub_wub,1590868608,2020-05-30,19
wub_wub,1590865316,2020-05-30,19
wub_wub,1590864517,2020-05-30,18
wub_wub,1590469628,2020-05-26,05
wub_wub,1590469520,2020-05-26,05
wub_wub,1590469268,2020-05-26,05
wub_wub,1590469163,2020-05-26,04
wub_wub,1590468753,2020-05-26,04
wub_wub,1590442807,2020-05-25,21
wub_wub,1590423382,2020-05-25,16
wub_wub,1590386847,2020-05-25,06
wub_wub,1590354049,2020-05-24,21
wub_wub,1590334393,2020-05-24,15
wub_wub,1590307674,2020-05-24,08
wub_wub,1590253121,2020-05-23,16
wub_wub,1590248878,2020-05-23,15
wub_wub,1590244832,2020-05-23,14
wub_wub,1590235659,2020-05-23,12
wub_wub,1590235523,2020-05-23,12
wub_wub,1590177962,2020-05-22,20
wub_wub,1590175139,2020-05-22,19
wub_wub,1590168875,2020-05-22,17
wub_wub,1590156689,2020-05-22,14
wub_wub,1590051843,2020-05-21,09
wub_wub,1590014821,2020-05-20,22
wub_wub,1590001775,2020-05-20,19
wub_wub,1590000382,2020-05-20,18
wub_wub,1589916498,2020-05-19,19
wub_wub,1589833391,2020-05-18,20
wub_wub,1589819547,2020-05-18,16
wub_wub,1589819308,2020-05-18,16
wub_wub,1589818746,2020-05-18,16
wub_wub,1589817936,2020-05-18,16
wub_wub,1589817124,2020-05-18,15
wub_wub,1589744015,2020-05-17,19
wub_wub,1589706629,2020-05-17,09
wub_wub,1589705857,2020-05-17,08
wub_wub,1589650741,2020-05-16,17
wub_wub,1589648535,2020-05-16,17
wub_wub,1589622857,2020-05-16,09
wub_wub,1589578790,2020-05-15,21
wub_wub,1589528641,2020-05-15,07
wub_wub,1589489075,2020-05-14,20
wub_wub,1589474638,2020-05-14,16
wub_wub,1589471559,2020-05-14,15
wub_wub,1589434686,2020-05-14,05
wub_wub,1589233831,2020-05-11,21
wub_wub,1589216023,2020-05-11,16
wub_wub,1589010570,2020-05-09,07
wub_wub,1589010000,2020-05-09,07
wub_wub,1588971760,2020-05-08,21
wub_wub,1588962735,2020-05-08,18
wub_wub,1588950439,2020-05-08,15
wub_wub,1588930490,2020-05-08,09
wub_wub,1588929830,2020-05-08,09
wub_wub,1588790331,2020-05-06,18
wub_wub,1588774051,2020-05-06,14
wub_wub,1588623114,2020-05-04,20
wub_wub,1588488375,2020-05-03,06
wub_wub,1588455316,2020-05-02,21
wub_wub,1588431807,2020-05-02,15
wub_wub,1588360224,2020-05-01,19
wub_wub,1588101017,2020-04-28,19
wub_wub,1588052497,2020-04-28,05
wub_wub,1588052177,2020-04-28,05
wub_wub,1588001674,2020-04-27,15
wub_wub,1587991589,2020-04-27,12
wub_wub,1587971907,2020-04-27,07
wub_wub,1587968459,2020-04-27,06
wub_wub,1587915425,2020-04-26,15
wub_wub,1587913759,2020-04-26,15
wub_wub,1587890443,2020-04-26,08
wub_wub,1587890285,2020-04-26,08
wub_wub,1587884744,2020-04-26,07
wub_wub,1587828249,2020-04-25,15
wub_wub,1587819221,2020-04-25,12
wub_wub,1587760884,2020-04-24,20
wub_wub,1587728460,2020-04-24,11
wub_wub,1587664759,2020-04-23,17
wub_wub,1587664600,2020-04-23,17
wub_wub,1587626261,2020-04-23,07
wub_wub,1587618618,2020-04-23,05
wub_wub,1587590827,2020-04-22,21
wub_wub,1587590615,2020-04-22,21
wub_wub,1587590382,2020-04-22,21
wub_wub,1587588358,2020-04-22,20
wub_wub,1587579995,2020-04-22,18
wub_wub,1587579429,2020-04-22,18
wub_wub,1587532506,2020-04-22,05
wub_wub,1587532356,2020-04-22,05
wub_wub,1587442960,2020-04-21,04
wub_wub,1587420861,2020-04-20,22
wub_wub,1587325511,2020-04-19,19
wub_wub,1587232564,2020-04-18,17
wub_wub,1587019064,2020-04-16,06
wub_wub,1586864501,2020-04-14,11
wub_wub,1586844483,2020-04-14,06
wub_wub,1586811918,2020-04-13,21
wub_wub,1586794787,2020-04-13,16
wub_wub,1586790964,2020-04-13,15
wub_wub,1586723267,2020-04-12,20
wub_wub,1586709130,2020-04-12,16
wub_wub,1586639984,2020-04-11,21
wub_wub,1586590537,2020-04-11,07
wub_wub,1586556952,2020-04-10,22
wub_wub,1586555812,2020-04-10,21
wub_wub,1586544366,2020-04-10,18
wub_wub,1586516375,2020-04-10,10
wub_wub,1586470068,2020-04-09,22
wub_wub,1586469653,2020-04-09,22
wub_wub,1586469224,2020-04-09,21
wub_wub,1586468446,2020-04-09,21
wub_wub,1586462985,2020-04-09,20
wub_wub,1586455380,2020-04-09,18
wub_wub,1586370167,2020-04-08,18
wub_wub,1586361858,2020-04-08,16
wub_wub,1586358923,2020-04-08,15
wub_wub,1586358058,2020-04-08,15
wub_wub,1586357987,2020-04-08,14
wub_wub,1586352350,2020-04-08,13
wub_wub,1586340738,2020-04-08,10
wub_wub,1586288637,2020-04-07,19
wub_wub,1586286001,2020-04-07,19
wub_wub,1586285660,2020-04-07,18
wub_wub,1586256663,2020-04-07,10
wub_wub,1586206499,2020-04-06,20
wub_wub,1586206068,2020-04-06,20
wub_wub,1586200069,2020-04-06,19
wub_wub,1586189811,2020-04-06,16
wub_wub,1586114561,2020-04-05,19
wub_wub,1586102531,2020-04-05,16
wub_wub,1586096254,2020-04-05,14
wub_wub,1585657030,2020-03-31,12
wub_wub,1585656575,2020-03-31,12
wub_wub,1585654660,2020-03-31,11
wub_wub,1585652071,2020-03-31,10
wub_wub,1585633515,2020-03-31,05
wub_wub,1585509036,2020-03-29,19
wub_wub,1585481237,2020-03-29,11
wub_wub,1585411023,2020-03-28,15
wub_wub,1585304218,2020-03-27,10
wub_wub,1585253481,2020-03-26,20
wub_wub,1585251516,2020-03-26,19
wub_wub,1585250521,2020-03-26,19
wub_wub,1584980569,2020-03-23,16
wub_wub,1584964083,2020-03-23,11
wub_wub,1584943665,2020-03-23,06
wub_wub,1584461905,2020-03-17,16
wub_wub,1584461720,2020-03-17,16
wub_wub,1584432198,2020-03-17,08
wub_wub,1584392209,2020-03-16,20
wub_wub,1584386961,2020-03-16,19
wub_wub,1584386713,2020-03-16,19
wub_wub,1584295266,2020-03-15,18
wub_wub,1584098462,2020-03-13,11
wub_wub,1584098149,2020-03-13,11
wub_wub,1584079723,2020-03-13,06
wub_wub,1583876058,2020-03-10,21
wub_wub,1583875739,2020-03-10,21
wub_wub,1583875253,2020-03-10,21
wub_wub,1583874562,2020-03-10,21
wub_wub,1583734377,2020-03-09,06
wub_wub,1583271359,2020-03-03,21
wub_wub,1583268214,2020-03-03,20
wub_wub,1583261264,2020-03-03,18
wub_wub,1583067113,2020-03-01,12
wub_wub,1583055467,2020-03-01,09
wub_wub,1583003636,2020-02-29,19
wub_wub,1582879468,2020-02-28,08
wub_wub,1582567036,2020-02-24,17
wub_wub,1582355991,2020-02-22,07
wub_wub,1582023470,2020-02-18,10
wub_wub,1581892808,2020-02-16,22
wub_wub,1581890365,2020-02-16,21
wub_wub,1580148429,2020-01-27,18
wub_wub,1579891205,2020-01-24,18
wub_wub,1579891038,2020-01-24,18
wub_wub,1579890989,2020-01-24,18
wub_wub,1579592390,2020-01-21,07
wub_wub,1579420708,2020-01-19,07
wub_wub,1579353424,2020-01-18,13
wub_wub,1579277578,2020-01-17,16
wub_wub,1579029364,2020-01-14,19
wub_wub,1578675582,2020-01-10,16
wub_wub,1577962613,2020-01-02,10
wub_wub,1576360909,2019-12-14,22
wub_wub,1576341324,2019-12-14,16
wub_wub,1575659279,2019-12-06,19
wub_wub,1575050493,2019-11-29,18
wub_wub,1574702846,2019-11-25,17
wub_wub,1574607407,2019-11-24,14
wub_wub,1573996393,2019-11-17,13
wub_wub,1572093707,2019-10-26,12
wub_wub,1572093677,2019-10-26,12
wub_wub,1572093353,2019-10-26,12
wub_wub,1571589701,2019-10-20,16
wub_wub,1571509306,2019-10-19,18
wub_wub,1571210954,2019-10-16,07
wub_wub,1571155577,2019-10-15,16
wub_wub,1571081749,2019-10-14,19
wub_wub,1570900054,2019-10-12,17
wub_wub,1570827433,2019-10-11,20
wub_wub,1570787960,2019-10-11,09
wub_wub,1570726583,2019-10-10,16
wub_wub,1570514357,2019-10-08,05
wub_wub,1569960967,2019-10-01,20
wub_wub,1569960698,2019-10-01,20
wub_wub,1569252818,2019-09-23,15
wub_wub,1568554280,2019-09-15,13
wub_wub,1568040178,2019-09-09,14
wub_wub,1567974521,2019-09-08,20
wub_wub,1567233262,2019-08-31,06
wub_wub,1567145936,2019-08-30,06
wub_wub,1567013958,2019-08-28,17
wub_wub,1566723821,2019-08-25,09
wub_wub,1566564022,2019-08-23,12
wub_wub,1565535402,2019-08-11,14
wub_wub,1565191395,2019-08-07,15
wub_wub,1565015268,2019-08-05,14
wub_wub,1565015207,2019-08-05,14
wub_wub,1565014970,2019-08-05,14
wub_wub,1564936445,2019-08-04,16
wub_wub,1564309223,2019-07-28,10
wub_wub,1564111716,2019-07-26,03
wub_wub,1564044892,2019-07-25,08
wub_wub,1563017595,2019-07-13,11
wub_wub,1562532381,2019-07-07,20
wub_wub,1562306771,2019-07-05,06
wub_wub,1562175919,2019-07-03,17
wub_wub,1561887838,2019-06-30,09
wub_wub,1561887619,2019-06-30,09
wub_wub,1561572971,2019-06-26,18
wub_wub,1561403150,2019-06-24,19
wub_wub,1561402648,2019-06-24,18
wub_wub,1561064390,2019-06-20,20
wub_wub,1560631220,2019-06-15,20
wub_wub,1560631051,2019-06-15,20
wub_wub,1559677876,2019-06-04,19
wub_wub,1559250202,2019-05-30,21
wub_wub,1558986551,2019-05-27,19
wub_wub,1558642405,2019-05-23,20
wub_wub,1558383813,2019-05-20,20
wub_wub,1558121237,2019-05-17,19
wub_wub,1557419723,2019-05-09,16
wub_wub,1556918450,2019-05-03,21
wub_wub,1555846915,2019-04-21,11
wub_wub,1555558104,2019-04-18,03
wub_wub,1555132708,2019-04-13,05
wub_wub,1554497376,2019-04-05,20
wub_wub,1554486020,2019-04-05,17
wub_wub,1554483737,2019-04-05,17
wub_wub,1554483227,2019-04-05,16
wub_wub,1553347381,2019-03-23,13
wub_wub,1553288704,2019-03-22,21
wub_wub,1553288004,2019-03-22,20
wub_wub,1553117082,2019-03-20,21
wub_wub,1553114437,2019-03-20,20
wub_wub,1552164089,2019-03-09,20
wub_wub,1552131960,2019-03-09,11
wub_wub,1552113500,2019-03-09,06
wub_wub,1552080233,2019-03-08,21
wub_wub,1551759940,2019-03-05,04
wub_wub,1551734943,2019-03-04,21
wub_wub,1551729809,2019-03-04,20
wub_wub,1551727823,2019-03-04,19
wub_wub,1551718468,2019-03-04,16
wub_wub,1551718279,2019-03-04,16
wub_wub,1551643743,2019-03-03,20
wub_wub,1551593674,2019-03-03,06
wub_wub,1551593629,2019-03-03,06
wub_wub,1551555271,2019-03-02,19
wub_wub,1551474246,2019-03-01,21
wub_wub,1550926467,2019-02-23,12
wub_wub,1550430075,2019-02-17,19
wub_wub,1550262801,2019-02-15,20
wub_wub,1550004961,2019-02-12,20
wub_wub,1549997889,2019-02-12,18
wub_wub,1549913730,2019-02-11,19
wub_wub,1549829076,2019-02-10,20
wub_wub,1549148812,2019-02-02,23
wub_wub,1549112199,2019-02-02,12
wub_wub,1549040240,2019-02-01,16
wub_wub,1547991914,2019-01-20,13
wub_wub,1547971615,2019-01-20,08
wub_wub,1547971250,2019-01-20,08
wub_wub,1547971131,2019-01-20,07
wub_wub,1547934259,2019-01-19,21
wub_wub,1547275957,2019-01-12,06
wub_wub,1546162885,2018-12-30,09
wub_wub,1546158621,2018-12-30,08
wub_wub,1543703210,2018-12-01,22
wub_wub,1543572106,2018-11-30,10
wub_wub,1543355863,2018-11-27,21
wub_wub,1543302132,2018-11-27,07
wub_wub,1541974008,2018-11-11,22
wub_wub,1541973034,2018-11-11,21
wub_wub,1541356864,2018-11-04,18
wub_wub,1541225749,2018-11-03,06
wub_wub,1541192072,2018-11-02,20
wub_wub,1541136134,2018-11-02,05
wub_wub,1539617062,2018-10-15,15
wub_wub,1539616897,2018-10-15,15
wub_wub,1538947102,2018-10-07,21
wub_wub,1538812733,2018-10-06,07
wub_wub,1538659223,2018-10-04,13
wub_wub,1538510207,2018-10-02,19
wub_wub,1538216938,2018-09-29,10
wub_wub,1537978806,2018-09-26,16
wub_wub,1537934971,2018-09-26,04
wub_wub,1537819934,2018-09-24,20
wub_wub,1537806596,2018-09-24,16
wub_wub,1537073525,2018-09-16,04
wub_wub,1537072953,2018-09-16,04
wub_wub,1537000898,2018-09-15,08
wub_wub,1536525605,2018-09-09,20
wub_wub,1536418617,2018-09-08,14
wub_wub,1536175723,2018-09-05,19
wub_wub,1536089331,2018-09-04,19
wub_wub,1536089290,2018-09-04,19
wub_wub,1536073755,2018-09-04,15
wub_wub,1535783877,2018-09-01,06
wub_wub,1534527319,2018-08-17,17
wub_wub,1533750407,2018-08-08,17
wub_wub,1533675554,2018-08-07,20
wub_wub,1533675326,2018-08-07,20
wub_wub,1533310368,2018-08-03,15
wub_wub,1533308983,2018-08-03,15
wub_wub,1533308886,2018-08-03,15
wub_wub,1533308789,2018-08-03,15
wub_wub,1533229265,2018-08-02,17
wub_wub,1533220844,2018-08-02,14
wub_wub,1533220660,2018-08-02,14
wub_wub,1532036565,2018-07-19,21
wub_wub,1531634809,2018-07-15,06
wub_wub,1531594529,2018-07-14,18
wub_wub,1531569798,2018-07-14,12
wub_wub,1531509237,2018-07-13,19
wub_wub,1531455642,2018-07-13,04
wub_wub,1531408559,2018-07-12,15
wub_wub,1531408020,2018-07-12,15
wub_wub,1531407384,2018-07-12,14
wub_wub,1531248604,2018-07-10,18
wub_wub,1531247912,2018-07-10,18
wub_wub,1531044982,2018-07-08,10
wub_wub,1531032890,2018-07-08,06
wub_wub,1530724273,2018-07-04,17
wub_wub,1530719424,2018-07-04,15
wub_wub,1530708307,2018-07-04,12
wub_wub,1530708029,2018-07-04,12
wub_wub,1530707149,2018-07-04,12
wub_wub,1530706691,2018-07-04,12
wub_wub,1530649196,2018-07-03,20
wub_wub,1530621627,2018-07-03,12
wub_wub,1530551302,2018-07-02,17
wub_wub,1530369443,2018-06-30,14
wub_wub,1530074311,2018-06-27,04
wub_wub,1530073986,2018-06-27,04
wub_wub,1530030869,2018-06-26,16
wub_wub,1529989489,2018-06-26,05
wub_wub,1529951393,2018-06-25,18
wub_wub,1529947186,2018-06-25,17
wub_wub,1529947167,2018-06-25,17
wub_wub,1529947091,2018-06-25,17
wub_wub,1529443462,2018-06-19,21
wub_wub,1529218598,2018-06-17,06
wub_wub,1529035994,2018-06-15,04
wub_wub,1529035970,2018-06-15,04
wub_wub,1529035948,2018-06-15,04
wub_wub,1528532212,2018-06-09,08
wub_wub,1528346132,2018-06-07,04
wub_wub,1528085891,2018-06-04,04
wub_wub,1528059887,2018-06-03,21
wub_wub,1527692140,2018-05-30,14
wub_wub,1527452592,2018-05-27,20
wub_wub,1527452379,2018-05-27,20
wub_wub,1527446867,2018-05-27,18
wub_wub,1527444667,2018-05-27,18
wub_wub,1527408470,2018-05-27,08
wub_wub,1527364787,2018-05-26,19
wub_wub,1527364305,2018-05-26,19
wub_wub,1527356508,2018-05-26,17
wub_wub,1527356433,2018-05-26,17
wub_wub,1527351150,2018-05-26,16
wub_wub,1527348003,2018-05-26,15
wub_wub,1527345159,2018-05-26,14
wub_wub,1527323584,2018-05-26,08
wub_wub,1527317611,2018-05-26,06
wub_wub,1527314358,2018-05-26,05
wub_wub,1527313688,2018-05-26,05
wub_wub,1527266000,2018-05-25,16
wub_wub,1527261448,2018-05-25,15
wub_wub,1527177096,2018-05-24,15
wub_wub,1527138768,2018-05-24,05
wub_wub,1527110391,2018-05-23,21
wub_wub,1527094362,2018-05-23,16
wub_wub,1526895792,2018-05-21,09
wub_wub,1526888498,2018-05-21,07
wub_wub,1526887584,2018-05-21,07
wub_wub,1526879230,2018-05-21,05
wub_wub,1526843516,2018-05-20,19
wub_wub,1526757249,2018-05-19,19
wub_wub,1526740354,2018-05-19,14
wub_wub,1526733302,2018-05-19,12
wub_wub,1526730986,2018-05-19,11
xiongchiamiov,1597768648,2020-08-18,16
xiongchiamiov,1597768385,2020-08-18,16
xiongchiamiov,1597716364,2020-08-18,02
xiongchiamiov,1597713986,2020-08-18,01
xiongchiamiov,1597713565,2020-08-18,01
xiongchiamiov,1597713391,2020-08-18,01
xiongchiamiov,1597713288,2020-08-18,01
xiongchiamiov,1597712374,2020-08-18,00
xiongchiamiov,1597711567,2020-08-18,00
xiongchiamiov,1597711463,2020-08-18,00
xiongchiamiov,1597709652,2020-08-18,00
xiongchiamiov,1597709064,2020-08-18,00
xiongchiamiov,1597697629,2020-08-17,20
xiongchiamiov,1597697487,2020-08-17,20
xiongchiamiov,1597696682,2020-08-17,20
xiongchiamiov,1597696502,2020-08-17,20
xiongchiamiov,1597696297,2020-08-17,20
xiongchiamiov,1597692686,2020-08-17,19
xiongchiamiov,1597692616,2020-08-17,19
xiongchiamiov,1597692238,2020-08-17,19
xiongchiamiov,1597691839,2020-08-17,19
xiongchiamiov,1597681218,2020-08-17,16
xiongchiamiov,1597680953,2020-08-17,16
xiongchiamiov,1597680760,2020-08-17,16
xiongchiamiov,1597680502,2020-08-17,16
xiongchiamiov,1597680342,2020-08-17,16
xiongchiamiov,1597679924,2020-08-17,15
xiongchiamiov,1597597966,2020-08-16,17
xiongchiamiov,1597597858,2020-08-16,17
xiongchiamiov,1597597547,2020-08-16,17
xiongchiamiov,1597597323,2020-08-16,17
xiongchiamiov,1597597223,2020-08-16,17
xiongchiamiov,1597596895,2020-08-16,16
xiongchiamiov,1597596590,2020-08-16,16
xiongchiamiov,1597550977,2020-08-16,04
xiongchiamiov,1597550101,2020-08-16,03
xiongchiamiov,1597548608,2020-08-16,03
xiongchiamiov,1597514109,2020-08-15,17
xiongchiamiov,1597513619,2020-08-15,17
xiongchiamiov,1597512689,2020-08-15,17
xiongchiamiov,1597512415,2020-08-15,17
xiongchiamiov,1597512123,2020-08-15,17
xiongchiamiov,1597511674,2020-08-15,17
xiongchiamiov,1597511482,2020-08-15,17
xiongchiamiov,1597510977,2020-08-15,17
xiongchiamiov,1597508302,2020-08-15,16
xiongchiamiov,1597503951,2020-08-15,15
xiongchiamiov,1597503778,2020-08-15,15
xiongchiamiov,1597502864,2020-08-15,14
xiongchiamiov,1597502643,2020-08-15,14
xiongchiamiov,1597477315,2020-08-15,07
xiongchiamiov,1597477188,2020-08-15,07
xiongchiamiov,1597466584,2020-08-15,04
xiongchiamiov,1597466289,2020-08-15,04
xiongchiamiov,1597454096,2020-08-15,01
xiongchiamiov,1597453299,2020-08-15,01
xiongchiamiov,1597453162,2020-08-15,00
xiongchiamiov,1597431693,2020-08-14,19
xiongchiamiov,1597431276,2020-08-14,18
xiongchiamiov,1597431054,2020-08-14,18
xiongchiamiov,1597428200,2020-08-14,18
xiongchiamiov,1597424261,2020-08-14,16
xiongchiamiov,1597420146,2020-08-14,15
xiongchiamiov,1597419872,2020-08-14,15
xiongchiamiov,1597419761,2020-08-14,15
xiongchiamiov,1597419715,2020-08-14,15
xiongchiamiov,1597419487,2020-08-14,15
xiongchiamiov,1597382629,2020-08-14,05
xiongchiamiov,1597382276,2020-08-14,05
xiongchiamiov,1597380214,2020-08-14,04
xiongchiamiov,1597378874,2020-08-14,04
xiongchiamiov,1597378714,2020-08-14,04
xiongchiamiov,1597378661,2020-08-14,04
xiongchiamiov,1597378410,2020-08-14,04
xiongchiamiov,1597368494,2020-08-14,01
xiongchiamiov,1597365374,2020-08-14,00
xiongchiamiov,1597365261,2020-08-14,00
xiongchiamiov,1597364304,2020-08-14,00
xiongchiamiov,1597359501,2020-08-13,22
xiongchiamiov,1597359091,2020-08-13,22
xiongchiamiov,1597358958,2020-08-13,22
xiongchiamiov,1597358583,2020-08-13,22
xiongchiamiov,1597358231,2020-08-13,22
xiongchiamiov,1597356340,2020-08-13,22
xiongchiamiov,1597356194,2020-08-13,22
xiongchiamiov,1597349440,2020-08-13,20
xiongchiamiov,1597348436,2020-08-13,19
xiongchiamiov,1597335880,2020-08-13,16
xiongchiamiov,1597335573,2020-08-13,16
xiongchiamiov,1597335401,2020-08-13,16
xiongchiamiov,1597335197,2020-08-13,16
xiongchiamiov,1597304206,2020-08-13,07
xiongchiamiov,1597303937,2020-08-13,07
xiongchiamiov,1597303743,2020-08-13,07
xiongchiamiov,1597303379,2020-08-13,07
xiongchiamiov,1597302761,2020-08-13,07
xiongchiamiov,1597302348,2020-08-13,07
xiongchiamiov,1597302023,2020-08-13,07
xiongchiamiov,1597301810,2020-08-13,06
xiongchiamiov,1597301569,2020-08-13,06
xiongchiamiov,1597301260,2020-08-13,06
xiongchiamiov,1597300955,2020-08-13,06
xiongchiamiov,1597300814,2020-08-13,06
xiongchiamiov,1597300530,2020-08-13,06
xiongchiamiov,1597300343,2020-08-13,06
xiongchiamiov,1597299893,2020-08-13,06
xiongchiamiov,1597299545,2020-08-13,06
xiongchiamiov,1597299457,2020-08-13,06
xiongchiamiov,1597299172,2020-08-13,06
xiongchiamiov,1597298955,2020-08-13,06
xiongchiamiov,1597298680,2020-08-13,06
xiongchiamiov,1597256379,2020-08-12,18
xiongchiamiov,1597256238,2020-08-12,18
xiongchiamiov,1597255628,2020-08-12,18
xiongchiamiov,1597255475,2020-08-12,18
xiongchiamiov,1597255154,2020-08-12,17
xiongchiamiov,1597254964,2020-08-12,17
xiongchiamiov,1597254517,2020-08-12,17
xiongchiamiov,1597250382,2020-08-12,16
xiongchiamiov,1597250229,2020-08-12,16
xiongchiamiov,1597249676,2020-08-12,16
xiongchiamiov,1597249231,2020-08-12,16
xiongchiamiov,1597246562,2020-08-12,15
xiongchiamiov,1597245514,2020-08-12,15
xiongchiamiov,1597245374,2020-08-12,15
xiongchiamiov,1597245270,2020-08-12,15
xiongchiamiov,1597244867,2020-08-12,15
xiongchiamiov,1597244690,2020-08-12,15
xiongchiamiov,1597244471,2020-08-12,15
xiongchiamiov,1597244096,2020-08-12,14
xiongchiamiov,1597243871,2020-08-12,14
xiongchiamiov,1597243752,2020-08-12,14
xiongchiamiov,1597243437,2020-08-12,14
xiongchiamiov,1597243201,2020-08-12,14
xiongchiamiov,1597243105,2020-08-12,14
xiongchiamiov,1597213489,2020-08-12,06
xiongchiamiov,1597213224,2020-08-12,06
xiongchiamiov,1597204476,2020-08-12,03
xiongchiamiov,1597203796,2020-08-12,03
xiongchiamiov,1597200837,2020-08-12,02
xiongchiamiov,1597200068,2020-08-12,02
xiongchiamiov,1597199545,2020-08-12,02
xiongchiamiov,1597182168,2020-08-11,21
xiongchiamiov,1597181978,2020-08-11,21
xiongchiamiov,1597180840,2020-08-11,21
xiongchiamiov,1597180614,2020-08-11,21
xiongchiamiov,1597179416,2020-08-11,20
xiongchiamiov,1597116409,2020-08-11,03
xiongchiamiov,1597116228,2020-08-11,03
xiongchiamiov,1597115719,2020-08-11,03
xiongchiamiov,1597115461,2020-08-11,03
xiongchiamiov,1597115278,2020-08-11,03
xiongchiamiov,1597110120,2020-08-11,01
xiongchiamiov,1597105732,2020-08-11,00
xiongchiamiov,1597095023,2020-08-10,21
xiongchiamiov,1597090327,2020-08-10,20
xiongchiamiov,1597090225,2020-08-10,20
xiongchiamiov,1597089722,2020-08-10,20
xiongchiamiov,1597089174,2020-08-10,19
xiongchiamiov,1597073250,2020-08-10,15
xiongchiamiov,1597072937,2020-08-10,15
xiongchiamiov,1597071860,2020-08-10,15
xiongchiamiov,1597071691,2020-08-10,15
xiongchiamiov,1597071561,2020-08-10,14
xiongchiamiov,1597071308,2020-08-10,14
xiongchiamiov,1597071133,2020-08-10,14
xiongchiamiov,1597070975,2020-08-10,14
xiongchiamiov,1597070869,2020-08-10,14
xiongchiamiov,1597070715,2020-08-10,14
xiongchiamiov,1597070651,2020-08-10,14
xiongchiamiov,1597043761,2020-08-10,07
xiongchiamiov,1597026142,2020-08-10,02
xiongchiamiov,1597026100,2020-08-10,02
xiongchiamiov,1597025969,2020-08-10,02
xiongchiamiov,1597015898,2020-08-09,23
xiongchiamiov,1597015491,2020-08-09,23
xiongchiamiov,1597015310,2020-08-09,23
xiongchiamiov,1597014783,2020-08-09,23
xiongchiamiov,1597009857,2020-08-09,21
xiongchiamiov,1597009491,2020-08-09,21
xiongchiamiov,1597009243,2020-08-09,21
xiongchiamiov,1597009049,2020-08-09,21
xiongchiamiov,1597008465,2020-08-09,21
xiongchiamiov,1597007916,2020-08-09,21
xiongchiamiov,1597007466,2020-08-09,21
xiongchiamiov,1597006621,2020-08-09,20
xiongchiamiov,1597004544,2020-08-09,20
xiongchiamiov,1597004379,2020-08-09,20
xiongchiamiov,1597004092,2020-08-09,20
xiongchiamiov,1597003760,2020-08-09,20
xiongchiamiov,1596946727,2020-08-09,04
xiongchiamiov,1596946585,2020-08-09,04
xiongchiamiov,1596946448,2020-08-09,04
xiongchiamiov,1596946410,2020-08-09,04
xiongchiamiov,1596933058,2020-08-09,00
xiongchiamiov,1596913839,2020-08-08,19
xiongchiamiov,1596913639,2020-08-08,19
xiongchiamiov,1596913432,2020-08-08,19
xiongchiamiov,1596913319,2020-08-08,19
xiongchiamiov,1596913146,2020-08-08,18
xiongchiamiov,1596906003,2020-08-08,17
xiongchiamiov,1596904827,2020-08-08,16
xiongchiamiov,1596903109,2020-08-08,16
xiongchiamiov,1596902965,2020-08-08,16
xiongchiamiov,1596902761,2020-08-08,16
xiongchiamiov,1596902194,2020-08-08,15
xiongchiamiov,1596901900,2020-08-08,15
xiongchiamiov,1596901822,2020-08-08,15
xiongchiamiov,1596901502,2020-08-08,15
xiongchiamiov,1596901325,2020-08-08,15
xiongchiamiov,1596900977,2020-08-08,15
xiongchiamiov,1596900863,2020-08-08,15
xiongchiamiov,1596853599,2020-08-08,02
xiongchiamiov,1596853554,2020-08-08,02
xiongchiamiov,1596829242,2020-08-07,19
xiongchiamiov,1596828983,2020-08-07,19
xiongchiamiov,1596826901,2020-08-07,19
xiongchiamiov,1596825301,2020-08-07,18
xiongchiamiov,1596825050,2020-08-07,18
xiongchiamiov,1596820854,2020-08-07,17
xiongchiamiov,1596812545,2020-08-07,15
xiongchiamiov,1596812202,2020-08-07,14
xiongchiamiov,1596811897,2020-08-07,14
xiongchiamiov,1596811423,2020-08-07,14
xiongchiamiov,1596765120,2020-08-07,01
xiongchiamiov,1596764940,2020-08-07,01
xiongchiamiov,1596763687,2020-08-07,01
xiongchiamiov,1596762803,2020-08-07,01
xiongchiamiov,1596762340,2020-08-07,01
xiongchiamiov,1596761951,2020-08-07,00
xiongchiamiov,1596760302,2020-08-07,00
xiongchiamiov,1596743008,2020-08-06,19
xiongchiamiov,1596742863,2020-08-06,19
xiongchiamiov,1596739905,2020-08-06,18
xiongchiamiov,1596739435,2020-08-06,18
xiongchiamiov,1596738928,2020-08-06,18
xiongchiamiov,1596732621,2020-08-06,16
xiongchiamiov,1596732045,2020-08-06,16
xiongchiamiov,1596728464,2020-08-06,15
xiongchiamiov,1596727794,2020-08-06,15
xiongchiamiov,1596727539,2020-08-06,15
xiongchiamiov,1596727243,2020-08-06,15
xiongchiamiov,1596726811,2020-08-06,15
xiongchiamiov,1596726687,2020-08-06,15
xiongchiamiov,1596726569,2020-08-06,15
xiongchiamiov,1596726347,2020-08-06,15
xiongchiamiov,1596726155,2020-08-06,15
xiongchiamiov,1596692509,2020-08-06,05
xiongchiamiov,1596680082,2020-08-06,02
xiongchiamiov,1596679799,2020-08-06,02
xiongchiamiov,1596670689,2020-08-05,23
xiongchiamiov,1596664828,2020-08-05,22
xiongchiamiov,1596664446,2020-08-05,21
xiongchiamiov,1596642827,2020-08-05,15
xiongchiamiov,1596642289,2020-08-05,15
xiongchiamiov,1596602974,2020-08-05,04
xiongchiamiov,1596596724,2020-08-05,03
xiongchiamiov,1596587156,2020-08-05,00
xiongchiamiov,1596581497,2020-08-04,22
xiongchiamiov,1596580322,2020-08-04,22
xiongchiamiov,1596580096,2020-08-04,22
xiongchiamiov,1596579799,2020-08-04,22
xiongchiamiov,1596577167,2020-08-04,21
xiongchiamiov,1596569886,2020-08-04,19
xiongchiamiov,1596568047,2020-08-04,19
xiongchiamiov,1596567890,2020-08-04,19
xiongchiamiov,1596555580,2020-08-04,15
xiongchiamiov,1596554840,2020-08-04,15
xiongchiamiov,1596554165,2020-08-04,15
xiongchiamiov,1596553204,2020-08-04,15
xiongchiamiov,1596519384,2020-08-04,05
xiongchiamiov,1596519174,2020-08-04,05
xiongchiamiov,1596502460,2020-08-04,00
xiongchiamiov,1596502346,2020-08-04,00
xiongchiamiov,1596502292,2020-08-04,00
xiongchiamiov,1596502025,2020-08-04,00
xiongchiamiov,1596501576,2020-08-04,00
xiongchiamiov,1596501380,2020-08-04,00
xiongchiamiov,1596501055,2020-08-04,00
xiongchiamiov,1596487895,2020-08-03,20
xiongchiamiov,1596487494,2020-08-03,20
xiongchiamiov,1596469674,2020-08-03,15
xiongchiamiov,1596469500,2020-08-03,15
xiongchiamiov,1596469381,2020-08-03,15
xiongchiamiov,1596469015,2020-08-03,15
xiongchiamiov,1596468786,2020-08-03,15
xiongchiamiov,1596417950,2020-08-03,01
xiongchiamiov,1596417834,2020-08-03,01
xiongchiamiov,1596417640,2020-08-03,01
xiongchiamiov,1596417407,2020-08-03,01
xiongchiamiov,1596400087,2020-08-02,20
xiongchiamiov,1596399954,2020-08-02,20
xiongchiamiov,1596399502,2020-08-02,20
xiongchiamiov,1596399387,2020-08-02,20
xiongchiamiov,1596399327,2020-08-02,20
xiongchiamiov,1596399178,2020-08-02,20
xiongchiamiov,1596399122,2020-08-02,20
xiongchiamiov,1596398664,2020-08-02,20
xiongchiamiov,1596388231,2020-08-02,17
xiongchiamiov,1596384685,2020-08-02,16
xiongchiamiov,1596384304,2020-08-02,16
xiongchiamiov,1596383491,2020-08-02,15
xiongchiamiov,1596383235,2020-08-02,15
xiongchiamiov,1596382835,2020-08-02,15
xiongchiamiov,1596347415,2020-08-02,05
xiongchiamiov,1596346942,2020-08-02,05
xiongchiamiov,1596346759,2020-08-02,05
xiongchiamiov,1596346453,2020-08-02,05
xiongchiamiov,1596346217,2020-08-02,05
xiongchiamiov,1596345684,2020-08-02,05
xiongchiamiov,1596344394,2020-08-02,04
xiongchiamiov,1596343496,2020-08-02,04
xiongchiamiov,1596342214,2020-08-02,04
xiongchiamiov,1596339440,2020-08-02,03
xiongchiamiov,1596339284,2020-08-02,03
xiongchiamiov,1596339196,2020-08-02,03
xiongchiamiov,1596315627,2020-08-01,21
xiongchiamiov,1596315362,2020-08-01,20
xiongchiamiov,1596314455,2020-08-01,20
xiongchiamiov,1596314363,2020-08-01,20
xiongchiamiov,1596299316,2020-08-01,16
xiongchiamiov,1596298907,2020-08-01,16
xiongchiamiov,1596298767,2020-08-01,16
xiongchiamiov,1596296713,2020-08-01,15
xiongchiamiov,1596296298,2020-08-01,15
xiongchiamiov,1596253351,2020-08-01,03
xiongchiamiov,1596249170,2020-08-01,02
xiongchiamiov,1596246783,2020-08-01,01
xiongchiamiov,1596246427,2020-08-01,01
xiongchiamiov,1596232789,2020-07-31,21
xiongchiamiov,1596232448,2020-07-31,21
xiongchiamiov,1596231487,2020-07-31,21
xiongchiamiov,1596210502,2020-07-31,15
xiongchiamiov,1596209908,2020-07-31,15
xiongchiamiov,1596209782,2020-07-31,15
xiongchiamiov,1596209607,2020-07-31,15
xiongchiamiov,1596209368,2020-07-31,15
xiongchiamiov,1596209145,2020-07-31,15
xiongchiamiov,1596208978,2020-07-31,15
xiongchiamiov,1596208637,2020-07-31,15
xiongchiamiov,1596208547,2020-07-31,15
xiongchiamiov,1596208469,2020-07-31,15
xiongchiamiov,1596164055,2020-07-31,02
xiongchiamiov,1596155167,2020-07-31,00
xiongchiamiov,1596155107,2020-07-31,00
xiongchiamiov,1596153299,2020-07-30,23
xiongchiamiov,1596146093,2020-07-30,21
xiongchiamiov,1596145903,2020-07-30,21
xiongchiamiov,1596140679,2020-07-30,20
xiongchiamiov,1596134999,2020-07-30,18
xiongchiamiov,1596123302,2020-07-30,15
xiongchiamiov,1596123128,2020-07-30,15
xiongchiamiov,1596122999,2020-07-30,15
xiongchiamiov,1596122790,2020-07-30,15
xiongchiamiov,1596122626,2020-07-30,15
xiongchiamiov,1596122139,2020-07-30,15
xiongchiamiov,1596121835,2020-07-30,15
xiongchiamiov,1596121393,2020-07-30,15
xiongchiamiov,1596121228,2020-07-30,15
xiongchiamiov,1596120744,2020-07-30,14
xiongchiamiov,1596120367,2020-07-30,14
xiongchiamiov,1596088620,2020-07-30,05
xiongchiamiov,1596088442,2020-07-30,05
xiongchiamiov,1596088292,2020-07-30,05
xiongchiamiov,1596087970,2020-07-30,05
xiongchiamiov,1596087849,2020-07-30,05
xiongchiamiov,1596087722,2020-07-30,05
xiongchiamiov,1596087598,2020-07-30,05
xiongchiamiov,1596086665,2020-07-30,05
xiongchiamiov,1596086090,2020-07-30,05
xiongchiamiov,1596085908,2020-07-30,05
xiongchiamiov,1596084785,2020-07-30,04
xiongchiamiov,1596084527,2020-07-30,04
xiongchiamiov,1596084337,2020-07-30,04
xiongchiamiov,1596084268,2020-07-30,04
xiongchiamiov,1596084246,2020-07-30,04
xiongchiamiov,1596079336,2020-07-30,03
xiongchiamiov,1596054337,2020-07-29,20
xiongchiamiov,1596054129,2020-07-29,20
xiongchiamiov,1596054052,2020-07-29,20
xiongchiamiov,1596048390,2020-07-29,18
xiongchiamiov,1596048255,2020-07-29,18
xiongchiamiov,1596048172,2020-07-29,18
xiongchiamiov,1596047972,2020-07-29,18
xiongchiamiov,1596042173,2020-07-29,17
xiongchiamiov,1596034741,2020-07-29,14
xiongchiamiov,1596034525,2020-07-29,14
xiongchiamiov,1596034291,2020-07-29,14
xiongchiamiov,1596034152,2020-07-29,14
xiongchiamiov,1595996483,2020-07-29,04
xiongchiamiov,1595996104,2020-07-29,04
xiongchiamiov,1595995499,2020-07-29,04
xiongchiamiov,1595994163,2020-07-29,03
xiongchiamiov,1595966349,2020-07-28,19
xiongchiamiov,1595959359,2020-07-28,18
xiongchiamiov,1595959139,2020-07-28,17
xiongchiamiov,1595958717,2020-07-28,17
xiongchiamiov,1595958368,2020-07-28,17
xiongchiamiov,1595956665,2020-07-28,17
xiongchiamiov,1595956175,2020-07-28,17
xiongchiamiov,1595956066,2020-07-28,17
xiongchiamiov,1595950701,2020-07-28,15
xiongchiamiov,1595950445,2020-07-28,15
xiongchiamiov,1595950346,2020-07-28,15
xiongchiamiov,1595950174,2020-07-28,15
xiongchiamiov,1595949917,2020-07-28,15
xiongchiamiov,1595949744,2020-07-28,15
xiongchiamiov,1595909571,2020-07-28,04
xiongchiamiov,1595908623,2020-07-28,03
xiongchiamiov,1595906333,2020-07-28,03
xiongchiamiov,1595904426,2020-07-28,02
xiongchiamiov,1595904135,2020-07-28,02
xiongchiamiov,1595903723,2020-07-28,02
xiongchiamiov,1595901255,2020-07-28,01
xiongchiamiov,1595893967,2020-07-27,23
xiongchiamiov,1595877469,2020-07-27,19
xiongchiamiov,1595877324,2020-07-27,19
xiongchiamiov,1595877252,2020-07-27,19
xiongchiamiov,1595862552,2020-07-27,15
xiongchiamiov,1595862186,2020-07-27,15
xiongchiamiov,1595861954,2020-07-27,14
xiongchiamiov,1595861786,2020-07-27,14
xiongchiamiov,1595861376,2020-07-27,14
xiongchiamiov,1595861230,2020-07-27,14
xiongchiamiov,1595860183,2020-07-27,14
xiongchiamiov,1595824904,2020-07-27,04
xiongchiamiov,1595824602,2020-07-27,04
xiongchiamiov,1595823440,2020-07-27,04
xiongchiamiov,1595823343,2020-07-27,04
xiongchiamiov,1595822175,2020-07-27,03
xiongchiamiov,1595819798,2020-07-27,03
xiongchiamiov,1595819644,2020-07-27,03
xiongchiamiov,1595819525,2020-07-27,03
xiongchiamiov,1595819292,2020-07-27,03
xiongchiamiov,1595819113,2020-07-27,03
xiongchiamiov,1595818754,2020-07-27,02
xiongchiamiov,1595812883,2020-07-27,01
xiongchiamiov,1595806234,2020-07-26,23
xiongchiamiov,1595805977,2020-07-26,23
xiongchiamiov,1595805720,2020-07-26,23
xiongchiamiov,1595805596,2020-07-26,23
xiongchiamiov,1595798132,2020-07-26,21
xiongchiamiov,1595798046,2020-07-26,21
xiongchiamiov,1595797616,2020-07-26,21
xiongchiamiov,1595796662,2020-07-26,20
xiongchiamiov,1595789330,2020-07-26,18
xiongchiamiov,1595778508,2020-07-26,15
xiongchiamiov,1595778233,2020-07-26,15
xiongchiamiov,1595777964,2020-07-26,15
xiongchiamiov,1595777189,2020-07-26,15
xiongchiamiov,1595776724,2020-07-26,15
xiongchiamiov,1595776671,2020-07-26,15
xiongchiamiov,1595735731,2020-07-26,03
xiongchiamiov,1595734646,2020-07-26,03
xiongchiamiov,1595734454,2020-07-26,03
xiongchiamiov,1595734180,2020-07-26,03
xiongchiamiov,1595733799,2020-07-26,03
xiongchiamiov,1595733606,2020-07-26,03
xiongchiamiov,1595718280,2020-07-25,23
xiongchiamiov,1595710848,2020-07-25,21
xiongchiamiov,1595710605,2020-07-25,20
xiongchiamiov,1595709678,2020-07-25,20
xiongchiamiov,1595709417,2020-07-25,20
xiongchiamiov,1595709350,2020-07-25,20
xiongchiamiov,1595709138,2020-07-25,20
xiongchiamiov,1595708520,2020-07-25,20
xiongchiamiov,1595708252,2020-07-25,20
xiongchiamiov,1595708041,2020-07-25,20
xiongchiamiov,1595707650,2020-07-25,20
xiongchiamiov,1595707452,2020-07-25,20
xiongchiamiov,1595707282,2020-07-25,20
xiongchiamiov,1595707162,2020-07-25,19
xiongchiamiov,1595706072,2020-07-25,19
xiongchiamiov,1595649259,2020-07-25,03
xiongchiamiov,1595649121,2020-07-25,03
xiongchiamiov,1595648930,2020-07-25,03
xiongchiamiov,1595644237,2020-07-25,02
xiongchiamiov,1595633830,2020-07-24,23
xiongchiamiov,1595631578,2020-07-24,22
xiongchiamiov,1595622977,2020-07-24,20
xiongchiamiov,1595567200,2020-07-24,05
xiongchiamiov,1595566936,2020-07-24,05
xiongchiamiov,1595565232,2020-07-24,04
xiongchiamiov,1595564143,2020-07-24,04
xiongchiamiov,1595563844,2020-07-24,04
xiongchiamiov,1595563781,2020-07-24,04
xiongchiamiov,1595563694,2020-07-24,04
xiongchiamiov,1595562761,2020-07-24,03
xiongchiamiov,1595547166,2020-07-23,23
xiongchiamiov,1595546977,2020-07-23,23
xiongchiamiov,1595546590,2020-07-23,23
xiongchiamiov,1595546193,2020-07-23,23
xiongchiamiov,1595544149,2020-07-23,22
xiongchiamiov,1595543966,2020-07-23,22
xiongchiamiov,1595543887,2020-07-23,22
xiongchiamiov,1595543744,2020-07-23,22
xiongchiamiov,1595530277,2020-07-23,18
xiongchiamiov,1595530052,2020-07-23,18
xiongchiamiov,1595529513,2020-07-23,18
xiongchiamiov,1595518779,2020-07-23,15
novel_yet_trivial,1597769318,2020-08-18,16
novel_yet_trivial,1597769217,2020-08-18,16
novel_yet_trivial,1597719974,2020-08-18,03
novel_yet_trivial,1597715572,2020-08-18,01
novel_yet_trivial,1597635855,2020-08-17,03
novel_yet_trivial,1597340866,2020-08-13,17
novel_yet_trivial,1597071593,2020-08-10,14
novel_yet_trivial,1596919344,2020-08-08,20
novel_yet_trivial,1596830006,2020-08-07,19
novel_yet_trivial,1596680467,2020-08-06,02
novel_yet_trivial,1596217385,2020-07-31,17
novel_yet_trivial,1596215396,2020-07-31,17
novel_yet_trivial,1596215149,2020-07-31,17
novel_yet_trivial,1596210224,2020-07-31,15
novel_yet_trivial,1596044309,2020-07-29,17
novel_yet_trivial,1596043305,2020-07-29,17
novel_yet_trivial,1596042288,2020-07-29,17
novel_yet_trivial,1595979312,2020-07-28,23
novel_yet_trivial,1595976972,2020-07-28,22
novel_yet_trivial,1595880104,2020-07-27,20
novel_yet_trivial,1595745378,2020-07-26,06
novel_yet_trivial,1595744646,2020-07-26,06
novel_yet_trivial,1595741273,2020-07-26,05
novel_yet_trivial,1595740827,2020-07-26,05
novel_yet_trivial,1595549425,2020-07-24,00
novel_yet_trivial,1595297048,2020-07-21,02
novel_yet_trivial,1594928562,2020-07-16,19
novel_yet_trivial,1594927329,2020-07-16,19
novel_yet_trivial,1594926725,2020-07-16,19
novel_yet_trivial,1594926422,2020-07-16,19
novel_yet_trivial,1594926168,2020-07-16,19
novel_yet_trivial,1594925331,2020-07-16,18
novel_yet_trivial,1594924107,2020-07-16,18
novel_yet_trivial,1594923575,2020-07-16,18
novel_yet_trivial,1594918143,2020-07-16,16
novel_yet_trivial,1594916960,2020-07-16,16
novel_yet_trivial,1594857010,2020-07-15,23
novel_yet_trivial,1594832007,2020-07-15,16
novel_yet_trivial,1594831751,2020-07-15,16
novel_yet_trivial,1594785875,2020-07-15,04
novel_yet_trivial,1594772216,2020-07-15,00
novel_yet_trivial,1594760023,2020-07-14,20
novel_yet_trivial,1594757530,2020-07-14,20
novel_yet_trivial,1594753042,2020-07-14,18
novel_yet_trivial,1594752786,2020-07-14,18
novel_yet_trivial,1594751678,2020-07-14,18
novel_yet_trivial,1594751484,2020-07-14,18
novel_yet_trivial,1594750918,2020-07-14,18
novel_yet_trivial,1594272919,2020-07-09,05
novel_yet_trivial,1594265381,2020-07-09,03
novel_yet_trivial,1592877251,2020-06-23,01
novel_yet_trivial,1592630856,2020-06-20,05
novel_yet_trivial,1592511454,2020-06-18,20
novel_yet_trivial,1592506606,2020-06-18,18
novel_yet_trivial,1592424472,2020-06-17,20
novel_yet_trivial,1592248487,2020-06-15,19
novel_yet_trivial,1592103875,2020-06-14,03
novel_yet_trivial,1591908246,2020-06-11,20
novel_yet_trivial,1591907997,2020-06-11,20
novel_yet_trivial,1591907707,2020-06-11,20
novel_yet_trivial,1591907580,2020-06-11,20
novel_yet_trivial,1591907412,2020-06-11,20
novel_yet_trivial,1591905631,2020-06-11,20
novel_yet_trivial,1591905438,2020-06-11,19
novel_yet_trivial,1591904785,2020-06-11,19
novel_yet_trivial,1591904618,2020-06-11,19
novel_yet_trivial,1591903926,2020-06-11,19
novel_yet_trivial,1591901540,2020-06-11,18
novel_yet_trivial,1591776493,2020-06-10,08
novel_yet_trivial,1591755698,2020-06-10,02
novel_yet_trivial,1591748707,2020-06-10,00
novel_yet_trivial,1591746433,2020-06-09,23
novel_yet_trivial,1591717839,2020-06-09,15
novel_yet_trivial,1591717000,2020-06-09,15
novel_yet_trivial,1591648167,2020-06-08,20
novel_yet_trivial,1591571591,2020-06-07,23
novel_yet_trivial,1591554953,2020-06-07,18
novel_yet_trivial,1591481029,2020-06-06,22
novel_yet_trivial,1591247286,2020-06-04,05
novel_yet_trivial,1591247213,2020-06-04,05
novel_yet_trivial,1591246316,2020-06-04,04
novel_yet_trivial,1591245097,2020-06-04,04
novel_yet_trivial,1591244753,2020-06-04,04
novel_yet_trivial,1591244612,2020-06-04,04
novel_yet_trivial,1591244368,2020-06-04,04
novel_yet_trivial,1591241258,2020-06-04,03
novel_yet_trivial,1591240982,2020-06-04,03
novel_yet_trivial,1591239396,2020-06-04,02
novel_yet_trivial,1591111618,2020-06-02,15
novel_yet_trivial,1591040680,2020-06-01,19
novel_yet_trivial,1590886176,2020-05-31,00
novel_yet_trivial,1590883943,2020-05-31,00
novel_yet_trivial,1590883759,2020-05-31,00
novel_yet_trivial,1590881152,2020-05-30,23
novel_yet_trivial,1590878701,2020-05-30,22
novel_yet_trivial,1590877030,2020-05-30,22
novel_yet_trivial,1590876909,2020-05-30,22
novel_yet_trivial,1590876416,2020-05-30,22
novel_yet_trivial,1590876011,2020-05-30,22
novel_yet_trivial,1590875326,2020-05-30,21
novel_yet_trivial,1590874170,2020-05-30,21
novel_yet_trivial,1590859121,2020-05-30,17
novel_yet_trivial,1590810115,2020-05-30,03
novel_yet_trivial,1590721425,2020-05-29,03
novel_yet_trivial,1590711724,2020-05-29,00
novel_yet_trivial,1590710160,2020-05-28,23
novel_yet_trivial,1590707178,2020-05-28,23
novel_yet_trivial,1590705723,2020-05-28,22
novel_yet_trivial,1590693240,2020-05-28,19
novel_yet_trivial,1590689489,2020-05-28,18
novel_yet_trivial,1590689325,2020-05-28,18
novel_yet_trivial,1590688969,2020-05-28,18
novel_yet_trivial,1590688740,2020-05-28,17
novel_yet_trivial,1590688040,2020-05-28,17
novel_yet_trivial,1590687308,2020-05-28,17
novel_yet_trivial,1590684689,2020-05-28,16
novel_yet_trivial,1590681497,2020-05-28,15
novel_yet_trivial,1590680550,2020-05-28,15
novel_yet_trivial,1590680290,2020-05-28,15
novel_yet_trivial,1590605656,2020-05-27,18
novel_yet_trivial,1590602003,2020-05-27,17
novel_yet_trivial,1590601419,2020-05-27,17
novel_yet_trivial,1590599938,2020-05-27,17
novel_yet_trivial,1590599599,2020-05-27,17
novel_yet_trivial,1590597615,2020-05-27,16
novel_yet_trivial,1590444266,2020-05-25,22
novel_yet_trivial,1590438215,2020-05-25,20
novel_yet_trivial,1589056525,2020-05-09,20
novel_yet_trivial,1589047479,2020-05-09,18
novel_yet_trivial,1589042452,2020-05-09,16
novel_yet_trivial,1588906956,2020-05-08,03
novel_yet_trivial,1588022032,2020-04-27,21
novel_yet_trivial,1587934851,2020-04-26,21
novel_yet_trivial,1587919688,2020-04-26,16
novel_yet_trivial,1587610767,2020-04-23,02
novel_yet_trivial,1586844801,2020-04-14,06
novel_yet_trivial,1586571493,2020-04-11,02
novel_yet_trivial,1586116193,2020-04-05,19
novel_yet_trivial,1586104928,2020-04-05,16
novel_yet_trivial,1586104430,2020-04-05,16
novel_yet_trivial,1586104147,2020-04-05,16
novel_yet_trivial,1586056926,2020-04-05,03
novel_yet_trivial,1586019745,2020-04-04,17
novel_yet_trivial,1585878208,2020-04-03,01
novel_yet_trivial,1585713245,2020-04-01,03
novel_yet_trivial,1585711168,2020-04-01,03
novel_yet_trivial,1585710781,2020-04-01,03
novel_yet_trivial,1585439155,2020-03-28,23
novel_yet_trivial,1585014558,2020-03-24,01
novel_yet_trivial,1585013706,2020-03-24,01
novel_yet_trivial,1585009225,2020-03-24,00
novel_yet_trivial,1585008148,2020-03-24,00
novel_yet_trivial,1584464387,2020-03-17,16
novel_yet_trivial,1583257910,2020-03-03,17
novel_yet_trivial,1583257269,2020-03-03,17
novel_yet_trivial,1581695074,2020-02-14,15
novel_yet_trivial,1580843638,2020-02-04,19
novel_yet_trivial,1580833343,2020-02-04,16
novel_yet_trivial,1580746114,2020-02-03,16
novel_yet_trivial,1580570089,2020-02-01,15
novel_yet_trivial,1580450853,2020-01-31,06
novel_yet_trivial,1580400504,2020-01-30,16
novel_yet_trivial,1580314329,2020-01-29,16
novel_yet_trivial,1579469449,2020-01-19,21
novel_yet_trivial,1579120998,2020-01-15,20
novel_yet_trivial,1578687912,2020-01-10,20
novel_yet_trivial,1578373845,2020-01-07,05
novel_yet_trivial,1578372825,2020-01-07,04
novel_yet_trivial,1578371619,2020-01-07,04
novel_yet_trivial,1578370933,2020-01-07,04
novel_yet_trivial,1578370054,2020-01-07,04
novel_yet_trivial,1578179550,2020-01-04,23
novel_yet_trivial,1578175565,2020-01-04,22
novel_yet_trivial,1578008402,2020-01-02,23
novel_yet_trivial,1577836754,2019-12-31,23
novel_yet_trivial,1577835540,2019-12-31,23
novel_yet_trivial,1576435479,2019-12-15,18
novel_yet_trivial,1575998403,2019-12-10,17
novel_yet_trivial,1575923063,2019-12-09,20
novel_yet_trivial,1575920588,2019-12-09,19
novel_yet_trivial,1575913734,2019-12-09,17
novel_yet_trivial,1575846645,2019-12-08,23
novel_yet_trivial,1575845392,2019-12-08,22
novel_yet_trivial,1575844944,2019-12-08,22
novel_yet_trivial,1575844654,2019-12-08,22
novel_yet_trivial,1575842095,2019-12-08,21
novel_yet_trivial,1575841556,2019-12-08,21
novel_yet_trivial,1575841416,2019-12-08,21
novel_yet_trivial,1575840463,2019-12-08,21
novel_yet_trivial,1575840226,2019-12-08,21
novel_yet_trivial,1575837935,2019-12-08,20
novel_yet_trivial,1575835539,2019-12-08,20
novel_yet_trivial,1575834864,2019-12-08,19
novel_yet_trivial,1575834772,2019-12-08,19
novel_yet_trivial,1575834202,2019-12-08,19
novel_yet_trivial,1575748907,2019-12-07,20
novel_yet_trivial,1575745371,2019-12-07,19
novel_yet_trivial,1575744102,2019-12-07,18
novel_yet_trivial,1575743636,2019-12-07,18
novel_yet_trivial,1575697401,2019-12-07,05
novel_yet_trivial,1575696950,2019-12-07,05
novel_yet_trivial,1575696572,2019-12-07,05
novel_yet_trivial,1575693339,2019-12-07,04
novel_yet_trivial,1575692078,2019-12-07,04
novel_yet_trivial,1575691610,2019-12-07,04
novel_yet_trivial,1575691228,2019-12-07,04
novel_yet_trivial,1575690372,2019-12-07,03
novel_yet_trivial,1575689951,2019-12-07,03
novel_yet_trivial,1575689347,2019-12-07,03
novel_yet_trivial,1575529350,2019-12-05,07
novel_yet_trivial,1575527533,2019-12-05,06
novel_yet_trivial,1575526620,2019-12-05,06
novel_yet_trivial,1575525579,2019-12-05,05
novel_yet_trivial,1575525332,2019-12-05,05
novel_yet_trivial,1575525150,2019-12-05,05
novel_yet_trivial,1575524823,2019-12-05,05
novel_yet_trivial,1575524506,2019-12-05,05
novel_yet_trivial,1575523870,2019-12-05,05
novel_yet_trivial,1575523090,2019-12-05,05
novel_yet_trivial,1575521661,2019-12-05,04
novel_yet_trivial,1575340179,2019-12-03,02
novel_yet_trivial,1575338444,2019-12-03,02
novel_yet_trivial,1575336194,2019-12-03,01
novel_yet_trivial,1575336055,2019-12-03,01
novel_yet_trivial,1575335862,2019-12-03,01
novel_yet_trivial,1575335440,2019-12-03,01
novel_yet_trivial,1575335293,2019-12-03,01
novel_yet_trivial,1575333970,2019-12-03,00
novel_yet_trivial,1575054486,2019-11-29,19
novel_yet_trivial,1575001441,2019-11-29,04
novel_yet_trivial,1574195081,2019-11-19,20
novel_yet_trivial,1573781567,2019-11-15,01
novel_yet_trivial,1572710255,2019-11-02,15
novel_yet_trivial,1572216085,2019-10-27,22
novel_yet_trivial,1572190495,2019-10-27,15
novel_yet_trivial,1571693602,2019-10-21,21
novel_yet_trivial,1571625523,2019-10-21,02
novel_yet_trivial,1571568394,2019-10-20,10
novel_yet_trivial,1571079302,2019-10-14,18
novel_yet_trivial,1571076051,2019-10-14,18
novel_yet_trivial,1570815983,2019-10-11,17
novel_yet_trivial,1569897028,2019-10-01,02
novel_yet_trivial,1568924793,2019-09-19,20
novel_yet_trivial,1568822893,2019-09-18,16
novel_yet_trivial,1568584998,2019-09-15,22
novel_yet_trivial,1568559464,2019-09-15,14
novel_yet_trivial,1568302714,2019-09-12,15
novel_yet_trivial,1568255072,2019-09-12,02
novel_yet_trivial,1568239417,2019-09-11,22
novel_yet_trivial,1568239377,2019-09-11,22
novel_yet_trivial,1568239338,2019-09-11,22
novel_yet_trivial,1568158056,2019-09-10,23
novel_yet_trivial,1568156530,2019-09-10,23
novel_yet_trivial,1568155336,2019-09-10,22
novel_yet_trivial,1568154832,2019-09-10,22
novel_yet_trivial,1568154527,2019-09-10,22
novel_yet_trivial,1568154358,2019-09-10,22
novel_yet_trivial,1568154214,2019-09-10,22
novel_yet_trivial,1568153827,2019-09-10,22
novel_yet_trivial,1568153644,2019-09-10,22
novel_yet_trivial,1568152886,2019-09-10,22
novel_yet_trivial,1568152619,2019-09-10,21
novel_yet_trivial,1567907537,2019-09-08,01
novel_yet_trivial,1567886098,2019-09-07,19
novel_yet_trivial,1567883038,2019-09-07,19
novel_yet_trivial,1567882662,2019-09-07,18
novel_yet_trivial,1567866486,2019-09-07,14
novel_yet_trivial,1567866246,2019-09-07,14
novel_yet_trivial,1567866098,2019-09-07,14
novel_yet_trivial,1567782194,2019-09-06,15
novel_yet_trivial,1567724503,2019-09-05,23
novel_yet_trivial,1567525654,2019-09-03,15
novel_yet_trivial,1567525384,2019-09-03,15
novel_yet_trivial,1567524942,2019-09-03,15
novel_yet_trivial,1567275873,2019-08-31,18
novel_yet_trivial,1567185280,2019-08-30,17
novel_yet_trivial,1567184611,2019-08-30,17
novel_yet_trivial,1567088899,2019-08-29,14
novel_yet_trivial,1567006781,2019-08-28,15
novel_yet_trivial,1567005869,2019-08-28,15
novel_yet_trivial,1567003394,2019-08-28,14
novel_yet_trivial,1566949976,2019-08-27,23
novel_yet_trivial,1566948843,2019-08-27,23
novel_yet_trivial,1566948685,2019-08-27,23
novel_yet_trivial,1566948483,2019-08-27,23
novel_yet_trivial,1566948208,2019-08-27,23
novel_yet_trivial,1566947080,2019-08-27,23
novel_yet_trivial,1566946987,2019-08-27,23
novel_yet_trivial,1566946285,2019-08-27,22
novel_yet_trivial,1566945060,2019-08-27,22
novel_yet_trivial,1566944952,2019-08-27,22
novel_yet_trivial,1566944259,2019-08-27,22
novel_yet_trivial,1566944092,2019-08-27,22
novel_yet_trivial,1566933901,2019-08-27,19
novel_yet_trivial,1566933608,2019-08-27,19
novel_yet_trivial,1566932278,2019-08-27,18
novel_yet_trivial,1566931349,2019-08-27,18
novel_yet_trivial,1566931092,2019-08-27,18
novel_yet_trivial,1566930522,2019-08-27,18
novel_yet_trivial,1566930473,2019-08-27,18
novel_yet_trivial,1566928670,2019-08-27,17
novel_yet_trivial,1566926382,2019-08-27,17
novel_yet_trivial,1566925938,2019-08-27,17
novel_yet_trivial,1566771742,2019-08-25,22
novel_yet_trivial,1566769773,2019-08-25,21
novel_yet_trivial,1566742338,2019-08-25,14
novel_yet_trivial,1566671028,2019-08-24,18
novel_yet_trivial,1566663993,2019-08-24,16
novel_yet_trivial,1566489116,2019-08-22,15
novel_yet_trivial,1566430012,2019-08-21,23
novel_yet_trivial,1566411161,2019-08-21,18
novel_yet_trivial,1566409162,2019-08-21,17
novel_yet_trivial,1566408787,2019-08-21,17
novel_yet_trivial,1566404183,2019-08-21,16
novel_yet_trivial,1566403984,2019-08-21,16
novel_yet_trivial,1566398693,2019-08-21,14
novel_yet_trivial,1566354344,2019-08-21,02
novel_yet_trivial,1566352357,2019-08-21,01
novel_yet_trivial,1566347971,2019-08-21,00
novel_yet_trivial,1566318654,2019-08-20,16
novel_yet_trivial,1566315318,2019-08-20,15
novel_yet_trivial,1566314633,2019-08-20,15
novel_yet_trivial,1566313787,2019-08-20,15
novel_yet_trivial,1566313420,2019-08-20,15
novel_yet_trivial,1566258241,2019-08-19,23
novel_yet_trivial,1566061316,2019-08-17,17
novel_yet_trivial,1566060875,2019-08-17,16
novel_yet_trivial,1565972481,2019-08-16,16
novel_yet_trivial,1565969991,2019-08-16,15
novel_yet_trivial,1565969678,2019-08-16,15
novel_yet_trivial,1565969305,2019-08-16,15
novel_yet_trivial,1565969012,2019-08-16,15
novel_yet_trivial,1565968954,2019-08-16,15
novel_yet_trivial,1565881928,2019-08-15,15
novel_yet_trivial,1565881610,2019-08-15,15
novel_yet_trivial,1565709007,2019-08-13,15
novel_yet_trivial,1565708981,2019-08-13,15
novel_yet_trivial,1565708922,2019-08-13,15
novel_yet_trivial,1565708904,2019-08-13,15
novel_yet_trivial,1565708876,2019-08-13,15
novel_yet_trivial,1565708760,2019-08-13,15
novel_yet_trivial,1565708438,2019-08-13,15
novel_yet_trivial,1565063886,2019-08-06,03
novel_yet_trivial,1564877995,2019-08-04,00
novel_yet_trivial,1564877805,2019-08-04,00
novel_yet_trivial,1564871004,2019-08-03,22
novel_yet_trivial,1564869443,2019-08-03,21
novel_yet_trivial,1564857871,2019-08-03,18
novel_yet_trivial,1564857584,2019-08-03,18
novel_yet_trivial,1564787851,2019-08-02,23
novel_yet_trivial,1564766008,2019-08-02,17
novel_yet_trivial,1564765026,2019-08-02,16
novel_yet_trivial,1564762977,2019-08-02,16
novel_yet_trivial,1564761289,2019-08-02,15
novel_yet_trivial,1564672843,2019-08-01,15
novel_yet_trivial,1564672803,2019-08-01,15
novel_yet_trivial,1564672720,2019-08-01,15
novel_yet_trivial,1564672658,2019-08-01,15
novel_yet_trivial,1564548894,2019-07-31,04
novel_yet_trivial,1564414397,2019-07-29,15
novel_yet_trivial,1564413294,2019-07-29,15
novel_yet_trivial,1564413211,2019-07-29,15
novel_yet_trivial,1564413185,2019-07-29,15
novel_yet_trivial,1564326153,2019-07-28,15
novel_yet_trivial,1564160943,2019-07-26,17
novel_yet_trivial,1563945319,2019-07-24,05
novel_yet_trivial,1563463340,2019-07-18,15
novel_yet_trivial,1563328596,2019-07-17,01
novel_yet_trivial,1563289337,2019-07-16,15
novel_yet_trivial,1563289212,2019-07-16,15
novel_yet_trivial,1563289122,2019-07-16,14
novel_yet_trivial,1563229000,2019-07-15,22
novel_yet_trivial,1563225886,2019-07-15,21
novel_yet_trivial,1563221555,2019-07-15,20
novel_yet_trivial,1563212742,2019-07-15,17
novel_yet_trivial,1563210404,2019-07-15,17
novel_yet_trivial,1563209351,2019-07-15,16
novel_yet_trivial,1563209151,2019-07-15,16
novel_yet_trivial,1563208851,2019-07-15,16
novel_yet_trivial,1563208758,2019-07-15,16
novel_yet_trivial,1563207513,2019-07-15,16
novel_yet_trivial,1563207376,2019-07-15,16
novel_yet_trivial,1563206048,2019-07-15,15
novel_yet_trivial,1563205459,2019-07-15,15
novel_yet_trivial,1563204666,2019-07-15,15
novel_yet_trivial,1563204431,2019-07-15,15
novel_yet_trivial,1563203776,2019-07-15,15
novel_yet_trivial,1563167433,2019-07-15,05
novel_yet_trivial,1563167093,2019-07-15,05
novel_yet_trivial,1563165499,2019-07-15,04
novel_yet_trivial,1563141407,2019-07-14,21
novel_yet_trivial,1562871986,2019-07-11,19
novel_yet_trivial,1562862305,2019-07-11,16
novel_yet_trivial,1562860266,2019-07-11,15
novel_yet_trivial,1562859212,2019-07-11,15
novel_yet_trivial,1562858986,2019-07-11,15
novel_yet_trivial,1562858812,2019-07-11,15
novel_yet_trivial,1562816244,2019-07-11,03
novel_yet_trivial,1562703074,2019-07-09,20
novel_yet_trivial,1562551428,2019-07-08,02
novel_yet_trivial,1562550240,2019-07-08,01
novel_yet_trivial,1562550095,2019-07-08,01
novel_yet_trivial,1562549299,2019-07-08,01
novel_yet_trivial,1562548096,2019-07-08,01
novel_yet_trivial,1562522511,2019-07-07,18
novel_yet_trivial,1562426621,2019-07-06,15
novel_yet_trivial,1562039213,2019-07-02,03
novel_yet_trivial,1562038775,2019-07-02,03
novel_yet_trivial,1562006611,2019-07-01,18
novel_yet_trivial,1561908123,2019-06-30,15
novel_yet_trivial,1561906136,2019-06-30,14
novel_yet_trivial,1561905523,2019-06-30,14
novel_yet_trivial,1561905022,2019-06-30,14
novel_yet_trivial,1561902565,2019-06-30,13
novel_yet_trivial,1561902266,2019-06-30,13
novel_yet_trivial,1561749422,2019-06-28,19
novel_yet_trivial,1561749252,2019-06-28,19
novel_yet_trivial,1561748055,2019-06-28,18
novel_yet_trivial,1561311138,2019-06-23,17
novel_yet_trivial,1560806636,2019-06-17,21
novel_yet_trivial,1560576600,2019-06-15,05
novel_yet_trivial,1560576180,2019-06-15,05
novel_yet_trivial,1560575915,2019-06-15,05
novel_yet_trivial,1560363327,2019-06-12,18
novel_yet_trivial,1560362283,2019-06-12,17
novel_yet_trivial,1560315875,2019-06-12,05
novel_yet_trivial,1560274942,2019-06-11,17
novel_yet_trivial,1560268926,2019-06-11,16
novel_yet_trivial,1560268232,2019-06-11,15
novel_yet_trivial,1560188206,2019-06-10,17
novel_yet_trivial,1560186327,2019-06-10,17
novel_yet_trivial,1560181158,2019-06-10,15
novel_yet_trivial,1560180341,2019-06-10,15
novel_yet_trivial,1560178600,2019-06-10,14
novel_yet_trivial,1560177084,2019-06-10,14
novel_yet_trivial,1559775124,2019-06-05,22
novel_yet_trivial,1559256195,2019-05-30,22
novel_yet_trivial,1559152281,2019-05-29,17
novel_yet_trivial,1558567340,2019-05-22,23
novel_yet_trivial,1558553633,2019-05-22,19
novel_yet_trivial,1558303577,2019-05-19,22
novel_yet_trivial,1558025375,2019-05-16,16
novel_yet_trivial,1558024303,2019-05-16,16
novel_yet_trivial,1557976368,2019-05-16,03
novel_yet_trivial,1557972609,2019-05-16,02
novel_yet_trivial,1557972410,2019-05-16,02
novel_yet_trivial,1557603916,2019-05-11,19
novel_yet_trivial,1557598084,2019-05-11,18
novel_yet_trivial,1557542320,2019-05-11,02
novel_yet_trivial,1557288269,2019-05-08,04
novel_yet_trivial,1557287144,2019-05-08,03
novel_yet_trivial,1557282213,2019-05-08,02
novel_yet_trivial,1557270094,2019-05-07,23
novel_yet_trivial,1557089113,2019-05-05,20
novel_yet_trivial,1557087807,2019-05-05,20
novel_yet_trivial,1557087640,2019-05-05,20
novel_yet_trivial,1557087405,2019-05-05,20
novel_yet_trivial,1557087273,2019-05-05,20
novel_yet_trivial,1557087208,2019-05-05,20
novel_yet_trivial,1557086446,2019-05-05,20
novel_yet_trivial,1556953414,2019-05-04,07
novel_yet_trivial,1556905874,2019-05-03,17
novel_yet_trivial,1556857529,2019-05-03,04
novel_yet_trivial,1556595998,2019-04-30,03
novel_yet_trivial,1556489004,2019-04-28,22
novel_yet_trivial,1556481757,2019-04-28,20
novel_yet_trivial,1556480287,2019-04-28,19
novel_yet_trivial,1556426606,2019-04-28,04
novel_yet_trivial,1556420746,2019-04-28,03
novel_yet_trivial,1556418824,2019-04-28,02
novel_yet_trivial,1556383938,2019-04-27,16
novel_yet_trivial,1556247869,2019-04-26,03
novel_yet_trivial,1556247798,2019-04-26,03
novel_yet_trivial,1556247447,2019-04-26,02
novel_yet_trivial,1556247321,2019-04-26,02
novel_yet_trivial,1556247136,2019-04-26,02
novel_yet_trivial,1556209132,2019-04-25,16
novel_yet_trivial,1556164105,2019-04-25,03
novel_yet_trivial,1556163405,2019-04-25,03
novel_yet_trivial,1556161784,2019-04-25,03
novel_yet_trivial,1556086233,2019-04-24,06
novel_yet_trivial,1556085880,2019-04-24,06
novel_yet_trivial,1556076525,2019-04-24,03
novel_yet_trivial,1556075763,2019-04-24,03
novel_yet_trivial,1556002246,2019-04-23,06
novel_yet_trivial,1555968367,2019-04-22,21
novel_yet_trivial,1555965257,2019-04-22,20
novel_yet_trivial,1555962237,2019-04-22,19
novel_yet_trivial,1555958193,2019-04-22,18
novel_yet_trivial,1555918522,2019-04-22,07
novel_yet_trivial,1555918153,2019-04-22,07
novel_yet_trivial,1555916782,2019-04-22,07
novel_yet_trivial,1555915991,2019-04-22,06
novel_yet_trivial,1555913752,2019-04-22,06
novel_yet_trivial,1555913486,2019-04-22,06
novel_yet_trivial,1555912955,2019-04-22,06
novel_yet_trivial,1555912579,2019-04-22,05
novel_yet_trivial,1555874704,2019-04-21,19
novel_yet_trivial,1555735940,2019-04-20,04
novel_yet_trivial,1555641919,2019-04-19,02
xelf,1597773135,2020-08-18,17
xelf,1597772353,2020-08-18,17
xelf,1597771786,2020-08-18,17
xelf,1597737278,2020-08-18,07
xelf,1597736730,2020-08-18,07
xelf,1597736580,2020-08-18,07
xelf,1597719744,2020-08-18,03
xelf,1597719162,2020-08-18,02
xelf,1597718307,2020-08-18,02
xelf,1597680574,2020-08-17,16
xelf,1597679580,2020-08-17,15
xelf,1597600585,2020-08-16,17
xelf,1597598081,2020-08-16,17
xelf,1597592113,2020-08-16,15
xelf,1597549364,2020-08-16,03
xelf,1597377837,2020-08-14,04
xelf,1597367931,2020-08-14,01
xelf,1597361200,2020-08-13,23
xelf,1597359133,2020-08-13,22
xelf,1597357187,2020-08-13,22
xelf,1597354114,2020-08-13,21
xelf,1597339365,2020-08-13,17
xelf,1597339199,2020-08-13,17
xelf,1597338423,2020-08-13,17
xelf,1597336316,2020-08-13,16
xelf,1597334995,2020-08-13,16
xelf,1597330522,2020-08-13,14
xelf,1597275877,2020-08-12,23
xelf,1597263658,2020-08-12,20
xelf,1597262469,2020-08-12,20
xelf,1597261672,2020-08-12,19
xelf,1597261490,2020-08-12,19
xelf,1597259387,2020-08-12,19
xelf,1597258488,2020-08-12,18
xelf,1597255874,2020-08-12,18
xelf,1597253242,2020-08-12,17
xelf,1597251334,2020-08-12,16
xelf,1597248532,2020-08-12,16
xelf,1597199544,2020-08-12,02
xelf,1597195652,2020-08-12,01
xelf,1597195510,2020-08-12,01
xelf,1597187379,2020-08-11,23
xelf,1597186934,2020-08-11,23
xelf,1597186781,2020-08-11,22
xelf,1597177392,2020-08-11,20
xelf,1597176133,2020-08-11,20
xelf,1597173953,2020-08-11,19
xelf,1597171606,2020-08-11,18
xelf,1597171388,2020-08-11,18
xelf,1597169934,2020-08-11,18
xelf,1597169808,2020-08-11,18
xelf,1597169707,2020-08-11,18
xelf,1597163002,2020-08-11,16
xelf,1597162677,2020-08-11,16
xelf,1597161931,2020-08-11,16
xelf,1597161714,2020-08-11,16
xelf,1597161425,2020-08-11,15
xelf,1597161117,2020-08-11,15
xelf,1597160614,2020-08-11,15
xelf,1597112318,2020-08-11,02
xelf,1597112170,2020-08-11,02
xelf,1597093266,2020-08-10,21
xelf,1597093199,2020-08-10,20
xelf,1597091585,2020-08-10,20
xelf,1597091402,2020-08-10,20
xelf,1597090709,2020-08-10,20
xelf,1597090004,2020-08-10,20
xelf,1597089797,2020-08-10,20
xelf,1597089173,2020-08-10,19
xelf,1597078363,2020-08-10,16
xelf,1597078201,2020-08-10,16
xelf,1597076486,2020-08-10,16
xelf,1597074054,2020-08-10,15
xelf,1597073345,2020-08-10,15
xelf,1596997095,2020-08-09,18
xelf,1596923675,2020-08-08,21
xelf,1596911203,2020-08-08,18
xelf,1596906736,2020-08-08,17
xelf,1596904760,2020-08-08,16
xelf,1596904519,2020-08-08,16
xelf,1596900369,2020-08-08,15
xelf,1596869031,2020-08-08,06
xelf,1596864979,2020-08-08,05
xelf,1596832182,2020-08-07,20
xelf,1596831805,2020-08-07,20
xelf,1596830862,2020-08-07,20
xelf,1596826247,2020-08-07,18
xelf,1596755882,2020-08-06,23
xelf,1596755100,2020-08-06,23
xelf,1596749963,2020-08-06,21
xelf,1596748712,2020-08-06,21
xelf,1596737091,2020-08-06,18
xelf,1596734018,2020-08-06,17
xelf,1596731375,2020-08-06,16
xelf,1596730899,2020-08-06,16
xelf,1596730443,2020-08-06,16
xelf,1596708882,2020-08-06,10
xelf,1596701254,2020-08-06,08
xelf,1596669889,2020-08-05,23
xelf,1596664076,2020-08-05,21
xelf,1596662040,2020-08-05,21
xelf,1596655855,2020-08-05,19
xelf,1596651438,2020-08-05,18
xelf,1596650014,2020-08-05,17
xelf,1596618082,2020-08-05,09
xelf,1596615840,2020-08-05,08
xelf,1596613570,2020-08-05,07
xelf,1596581433,2020-08-04,22
xelf,1596568688,2020-08-04,19
xelf,1596563103,2020-08-04,17
xelf,1596562812,2020-08-04,17
xelf,1596562233,2020-08-04,17
xelf,1596561977,2020-08-04,17
xelf,1596561900,2020-08-04,17
xelf,1596561402,2020-08-04,17
xelf,1596561197,2020-08-04,17
xelf,1596561104,2020-08-04,17
xelf,1596559963,2020-08-04,16
xelf,1596559175,2020-08-04,16
xelf,1596558559,2020-08-04,16
xelf,1596558389,2020-08-04,16
xelf,1596557281,2020-08-04,16
xelf,1596556641,2020-08-04,15
xelf,1596556507,2020-08-04,15
xelf,1596555198,2020-08-04,15
xelf,1596536839,2020-08-04,10
xelf,1596526378,2020-08-04,07
xelf,1596526118,2020-08-04,07
xelf,1596523726,2020-08-04,06
xelf,1596522776,2020-08-04,06
xelf,1596517524,2020-08-04,05
xelf,1596514732,2020-08-04,04
xelf,1596512549,2020-08-04,03
xelf,1596471928,2020-08-03,16
xelf,1596469475,2020-08-03,15
xelf,1596469261,2020-08-03,15
xelf,1596468630,2020-08-03,15
xelf,1596468510,2020-08-03,15
xelf,1596466824,2020-08-03,15
xelf,1596464766,2020-08-03,14
xelf,1596463069,2020-08-03,13
xelf,1596412466,2020-08-02,23
xelf,1596411888,2020-08-02,23
xelf,1596392082,2020-08-02,18
xelf,1596391616,2020-08-02,18
xelf,1596391473,2020-08-02,18
xelf,1596387882,2020-08-02,17
xelf,1596383176,2020-08-02,15
xelf,1596379903,2020-08-02,14
xelf,1596379299,2020-08-02,14
xelf,1596378893,2020-08-02,14
xelf,1596329863,2020-08-02,00
xelf,1596328130,2020-08-02,00
xelf,1596326385,2020-08-01,23
xelf,1596315251,2020-08-01,20
xelf,1596315220,2020-08-01,20
xelf,1596314895,2020-08-01,20
xelf,1596313357,2020-08-01,20
xelf,1596313206,2020-08-01,20
xelf,1596313068,2020-08-01,20
xelf,1596312836,2020-08-01,20
xelf,1596312598,2020-08-01,20
xelf,1596312378,2020-08-01,20
xelf,1596312267,2020-08-01,20
xelf,1596309793,2020-08-01,19
xelf,1596309168,2020-08-01,19
xelf,1596308759,2020-08-01,19
xelf,1596308435,2020-08-01,19
xelf,1596307805,2020-08-01,18
xelf,1596306698,2020-08-01,18
xelf,1596305586,2020-08-01,18
xelf,1596304490,2020-08-01,17
xelf,1596304287,2020-08-01,17
xelf,1596294910,2020-08-01,15
xelf,1596259027,2020-08-01,05
xelf,1596258162,2020-08-01,05
xelf,1596257846,2020-08-01,04
xelf,1596246243,2020-08-01,01
xelf,1596245857,2020-08-01,01
xelf,1596245339,2020-08-01,01
xelf,1596192365,2020-07-31,10
xelf,1596185178,2020-07-31,08
xelf,1596180712,2020-07-31,07
xelf,1596177271,2020-07-31,06
xelf,1596173762,2020-07-31,05
xelf,1596173620,2020-07-31,05
xelf,1596172726,2020-07-31,05
xelf,1596169280,2020-07-31,04
xelf,1596168246,2020-07-31,04
xelf,1596151795,2020-07-30,23
xelf,1596151384,2020-07-30,23
xelf,1596146629,2020-07-30,22
xelf,1596145625,2020-07-30,21
xelf,1596145516,2020-07-30,21
xelf,1596137644,2020-07-30,19
xelf,1596135478,2020-07-30,18
xelf,1596132988,2020-07-30,18
xelf,1596128103,2020-07-30,16
xelf,1596126853,2020-07-30,16
xelf,1596125331,2020-07-30,16
xelf,1596124813,2020-07-30,16
xelf,1596124627,2020-07-30,15
xelf,1596123731,2020-07-30,15
xelf,1596123246,2020-07-30,15
xelf,1596122577,2020-07-30,15
xelf,1596120503,2020-07-30,14
xelf,1596090181,2020-07-30,06
xelf,1596081006,2020-07-30,03
xelf,1596080026,2020-07-30,03
xelf,1596079224,2020-07-30,03
xelf,1596053092,2020-07-29,20
xelf,1596048563,2020-07-29,18
xelf,1596041020,2020-07-29,16
xelf,1596038550,2020-07-29,16
xelf,1596033242,2020-07-29,14
xelf,1596030063,2020-07-29,13
xelf,1596028906,2020-07-29,13
xelf,1596027801,2020-07-29,13
xelf,1596027546,2020-07-29,12
xelf,1596027351,2020-07-29,12
xelf,1596026648,2020-07-29,12
xelf,1596005000,2020-07-29,06
xelf,1596004364,2020-07-29,06
xelf,1595998559,2020-07-29,04
xelf,1595997865,2020-07-29,04
xelf,1595996658,2020-07-29,04
xelf,1595995734,2020-07-29,04
xelf,1595995026,2020-07-29,03
xelf,1595993255,2020-07-29,03
xelf,1595992916,2020-07-29,03
xelf,1595940943,2020-07-28,12
xelf,1595931333,2020-07-28,10
xelf,1595904938,2020-07-28,02
xelf,1595899917,2020-07-28,01
xelf,1595899474,2020-07-28,01
xelf,1595897632,2020-07-28,00
xelf,1595896826,2020-07-28,00
xelf,1595895337,2020-07-28,00
xelf,1595866454,2020-07-27,16
xelf,1595853688,2020-07-27,12
xelf,1595838226,2020-07-27,08
xelf,1595826635,2020-07-27,05
xelf,1595816644,2020-07-27,02
xelf,1595816182,2020-07-27,02
xelf,1595815635,2020-07-27,02
xelf,1595814042,2020-07-27,01
xelf,1595812602,2020-07-27,01
xelf,1595811964,2020-07-27,01
xelf,1595811781,2020-07-27,01
xelf,1595808383,2020-07-27,00
xelf,1595808350,2020-07-27,00
xelf,1595803655,2020-07-26,22
xelf,1595802360,2020-07-26,22
xelf,1595797439,2020-07-26,21
xelf,1595795062,2020-07-26,20
xelf,1595793957,2020-07-26,20
xelf,1595793456,2020-07-26,19
xelf,1595793189,2020-07-26,19
xelf,1595792561,2020-07-26,19
xelf,1595792096,2020-07-26,19
xelf,1595790707,2020-07-26,19
xelf,1595789107,2020-07-26,18
xelf,1595743594,2020-07-26,06
xelf,1595729849,2020-07-26,02
xelf,1595700172,2020-07-25,18
xelf,1595699007,2020-07-25,17
xelf,1595698136,2020-07-25,17
xelf,1595697206,2020-07-25,17
xelf,1595691674,2020-07-25,15
xelf,1595691523,2020-07-25,15
xelf,1595666284,2020-07-25,08
xelf,1595654483,2020-07-25,05
xelf,1595597114,2020-07-24,13
xelf,1595596283,2020-07-24,13
xelf,1595592335,2020-07-24,12
xelf,1595591762,2020-07-24,11
xelf,1595591665,2020-07-24,11
xelf,1595591117,2020-07-24,11
xelf,1595590875,2020-07-24,11
xelf,1595529544,2020-07-23,18
xelf,1595529250,2020-07-23,18
xelf,1595527980,2020-07-23,18
xelf,1595527455,2020-07-23,18
xelf,1595527192,2020-07-23,17
xelf,1595525315,2020-07-23,17
xelf,1595523109,2020-07-23,16
xelf,1595516825,2020-07-23,15
xelf,1595515959,2020-07-23,14
xelf,1595515774,2020-07-23,14
xelf,1595514726,2020-07-23,14
xelf,1595513797,2020-07-23,14
xelf,1595513494,2020-07-23,14
xelf,1595510682,2020-07-23,13
xelf,1595509869,2020-07-23,13
xelf,1595477916,2020-07-23,04
xelf,1595476665,2020-07-23,03
xelf,1595476053,2020-07-23,03
xelf,1595454755,2020-07-22,21
xelf,1595454451,2020-07-22,21
xelf,1595447204,2020-07-22,19
xelf,1595431966,2020-07-22,15
xelf,1595431253,2020-07-22,15
xelf,1595395301,2020-07-22,05
xelf,1595390312,2020-07-22,03
xelf,1595384825,2020-07-22,02
xelf,1595382994,2020-07-22,01
xelf,1595379203,2020-07-22,00
xelf,1595379050,2020-07-22,00
xelf,1595378104,2020-07-22,00
xelf,1595376039,2020-07-22,00
xelf,1595358914,2020-07-21,19
xelf,1595354871,2020-07-21,18
xelf,1595346784,2020-07-21,15
xelf,1595294067,2020-07-21,01
xelf,1595280520,2020-07-20,21
xelf,1595203519,2020-07-20,00
xelf,1595191677,2020-07-19,20
xelf,1595190483,2020-07-19,20
xelf,1595187513,2020-07-19,19
xelf,1595186856,2020-07-19,19
xelf,1595138149,2020-07-19,05
xelf,1595123126,2020-07-19,01
xelf,1595121727,2020-07-19,01
xelf,1595120895,2020-07-19,01
xelf,1595074796,2020-07-18,12
xelf,1595072766,2020-07-18,11
xelf,1595071101,2020-07-18,11
xelf,1595018522,2020-07-17,20
xelf,1595007906,2020-07-17,17
xelf,1595003833,2020-07-17,16
xelf,1595003450,2020-07-17,16
xelf,1595003166,2020-07-17,16
xelf,1594986108,2020-07-17,11
xelf,1594981957,2020-07-17,10
xelf,1594979583,2020-07-17,09
xelf,1594979433,2020-07-17,09
xelf,1594979188,2020-07-17,09
xelf,1594977859,2020-07-17,09
xelf,1594975804,2020-07-17,08
xelf,1594974123,2020-07-17,08
xelf,1594973478,2020-07-17,08
xelf,1594971939,2020-07-17,07
xelf,1594954790,2020-07-17,02
xelf,1594953588,2020-07-17,02
xelf,1594952158,2020-07-17,02
xelf,1594934926,2020-07-16,21
xelf,1594928201,2020-07-16,19
xelf,1594926175,2020-07-16,19
xelf,1594922859,2020-07-16,18
xelf,1594919409,2020-07-16,17
xelf,1594918106,2020-07-16,16
xelf,1594916350,2020-07-16,16
xelf,1594912631,2020-07-16,15
xelf,1594912462,2020-07-16,15
xelf,1594909537,2020-07-16,14
xelf,1594907144,2020-07-16,13
xelf,1594907019,2020-07-16,13
xelf,1594906389,2020-07-16,13
xelf,1594854850,2020-07-15,23
xelf,1594849919,2020-07-15,21
xelf,1594848781,2020-07-15,21
xelf,1594848104,2020-07-15,21
xelf,1594847600,2020-07-15,21
xelf,1594842060,2020-07-15,19
xelf,1594825443,2020-07-15,15
xelf,1594822136,2020-07-15,14
xelf,1594787629,2020-07-15,04
xelf,1594785904,2020-07-15,04
xelf,1594785703,2020-07-15,04
xelf,1594771956,2020-07-15,00
xelf,1594759632,2020-07-14,20
xelf,1594758439,2020-07-14,20
xelf,1594754950,2020-07-14,19
xelf,1594742079,2020-07-14,15
xelf,1594741924,2020-07-14,15
xelf,1594741299,2020-07-14,15
xelf,1594719840,2020-07-14,09
xelf,1594719589,2020-07-14,09
xelf,1594718211,2020-07-14,09
xelf,1594685115,2020-07-14,00
xelf,1594679428,2020-07-13,22
xelf,1594679234,2020-07-13,22
xelf,1594661114,2020-07-13,17
xelf,1594657976,2020-07-13,16
xelf,1594656489,2020-07-13,16
xelf,1594656057,2020-07-13,16
xelf,1594655579,2020-07-13,15
xelf,1594655185,2020-07-13,15
xelf,1594654977,2020-07-13,15
xelf,1594654767,2020-07-13,15
xelf,1594591508,2020-07-12,22
xelf,1594581917,2020-07-12,19
xelf,1594547190,2020-07-12,09
xelf,1594546428,2020-07-12,09
xelf,1594530452,2020-07-12,05
xelf,1594499921,2020-07-11,20
xelf,1594496024,2020-07-11,19
xelf,1594495863,2020-07-11,19
xelf,1594495704,2020-07-11,19
xelf,1594494766,2020-07-11,19
xelf,1594494091,2020-07-11,19
xelf,1594490762,2020-07-11,18
xelf,1594489637,2020-07-11,17
xelf,1594489085,2020-07-11,17
xelf,1594488627,2020-07-11,17
xelf,1594488135,2020-07-11,17
xelf,1594487821,2020-07-11,17
xelf,1594487292,2020-07-11,17
xelf,1594485992,2020-07-11,16
xelf,1594438958,2020-07-11,03
xelf,1594428510,2020-07-11,00
xelf,1594425147,2020-07-10,23
xelf,1594409880,2020-07-10,19
xelf,1594408143,2020-07-10,19
xelf,1594406031,2020-07-10,18
xelf,1594405469,2020-07-10,18
xelf,1594405429,2020-07-10,18
xelf,1594400826,2020-07-10,17
xelf,1594399206,2020-07-10,16
xelf,1594399100,2020-07-10,16
xelf,1594396928,2020-07-10,16
xelf,1594396654,2020-07-10,15
xelf,1594376003,2020-07-10,10
xelf,1594371598,2020-07-10,08
xelf,1594369302,2020-07-10,08
xelf,1594365633,2020-07-10,07
xelf,1594363661,2020-07-10,06
xelf,1594350398,2020-07-10,03
xelf,1594331320,2020-07-09,21
xelf,1594329268,2020-07-09,21
xelf,1594328293,2020-07-09,20
xelf,1594324763,2020-07-09,19
xelf,1594324567,2020-07-09,19
xelf,1594323725,2020-07-09,19
xelf,1594322786,2020-07-09,19
xelf,1594321691,2020-07-09,19
xelf,1594316238,2020-07-09,17
xelf,1594314928,2020-07-09,17
xelf,1594314123,2020-07-09,17
xelf,1594313959,2020-07-09,16
xelf,1594313743,2020-07-09,16
xelf,1594313353,2020-07-09,16
xelf,1594313139,2020-07-09,16
xelf,1594311644,2020-07-09,16
xelf,1594311308,2020-07-09,16
xelf,1594259768,2020-07-09,01
xelf,1594235129,2020-07-08,19
xelf,1594234139,2020-07-08,18
xelf,1594233689,2020-07-08,18
xelf,1594232597,2020-07-08,18
xelf,1594224114,2020-07-08,16
xelf,1594190434,2020-07-08,06
xelf,1594143994,2020-07-07,17
xelf,1594142775,2020-07-07,17
xelf,1594141822,2020-07-07,17
xelf,1594141274,2020-07-07,17
xelf,1594140529,2020-07-07,16
xelf,1594140180,2020-07-07,16
xelf,1594132823,2020-07-07,14
xelf,1594132384,2020-07-07,14
xelf,1594129105,2020-07-07,13
xelf,1594128682,2020-07-07,13
xelf,1594128210,2020-07-07,13
xelf,1594064165,2020-07-06,19
xelf,1594062481,2020-07-06,19
xelf,1594032981,2020-07-06,10
xelf,1594027145,2020-07-06,09
xelf,1593984822,2020-07-05,21
xelf,1593894485,2020-07-04,20
xelf,1593893554,2020-07-04,20
xelf,1593830447,2020-07-04,02
xelf,1593819512,2020-07-03,23
xelf,1593759653,2020-07-03,07
xelf,1593749301,2020-07-03,04
xelf,1593727047,2020-07-02,21
xelf,1593711174,2020-07-02,17
xelf,1593709652,2020-07-02,17
xelf,1593709104,2020-07-02,16
xelf,1593708747,2020-07-02,16
xelf,1593708250,2020-07-02,16
xelf,1593707772,2020-07-02,16
xelf,1593706914,2020-07-02,16
xelf,1593705148,2020-07-02,15
xelf,1593703859,2020-07-02,15
xelf,1593703799,2020-07-02,15
xelf,1593703412,2020-07-02,15
xelf,1593702709,2020-07-02,15
xelf,1593702110,2020-07-02,15
xelf,1593701573,2020-07-02,14
xelf,1593700563,2020-07-02,14
xelf,1593696521,2020-07-02,13
xelf,1593694706,2020-07-02,12
xelf,1593667552,2020-07-02,05
xelf,1593664393,2020-07-02,04
xelf,1593663060,2020-07-02,04
xelf,1593662974,2020-07-02,04
xelf,1593661781,2020-07-02,03
xelf,1593661584,2020-07-02,03
xelf,1593661307,2020-07-02,03
xelf,1593659588,2020-07-02,03
